タイトル,五十音,サークル名,発行者,発行年,ジャンル1,ジャンル2,サイズ
君にしか歌えないAメロがきっとある,3,385°,ミヤコ,2023/3/18,ぼっち・ざ・ろっく!,-,A5
first 愛依ちゃんの初めて、集めました,あ,#愛依してる,愛依ちゃん,2018/5/20,写真集,-,A4
9th7 ナイスセブン,あ,az+play,赤りんご,2022/5/15,艦これ,-,B5
ハンバーガーちゃん大好きクラブ,あ,あつみずむ,編田あつむ,2020/5/2,ハンバーガーちゃん,-,A4
magic,あ,あぶらや。,油布,2023/12/30,よろず,イラスト,B5
夕暮れの彼方に,あ,あまもりウィークリー,シクシク,2021/9/23,ウマ娘,-,B5
これが恋だと決めるには速すぎる,あ,あまもりウィークリー,シクシク,2021/11/7,ウマ娘,-,B5
ごった煮7,あ,あららぎ研究室,西野みずき,2024/5/12,オリジナル,-,A5
RAKUGAKI,あ,あららぎ研究室,西野みずき,2024/8/12,オリジナル,-,A5
ごった煮総集編HOTCH POTCH1～4,あ,あららぎ研究室,西野みずき,2024/8/12,オリジナル,-,A5
べつに寂しくなんてないのに姉妹が<br>めちゃくちゃかまってくるから大変なんだけど!,あ,アロハニッケル,deco,2021/12/30,艦これ,-,B5
丁,あ,赤井製作所,赤井さしみ,2023/5/5,オリジナル,-,A5
きゅ,あ,赤井製作所,赤井さしみ,2023/8/13,オリジナル,-,A5
寸,あ,赤井製作所,赤井さしみ,2023/9/3,オリジナル,-,A5
膳,あ,赤井製作所,赤井さしみ,2023/12/3,オリジナル,-,A5
丸時々四角,あ,赤井製作所,赤井さしみ,2023/12/31,オリジナル,-,変形
幕ノ内弁当,い,Easygoing,ナオ,2017/5/7,艦これ,-,A5
かとうちゃんのいうとおり。2,い,いとまき水族館,しろまんた,2017/12/31,オリジナル,-,B5
かとうちゃんのいうとおり。3,い,いとまき水族館,しろまんた,2018/8/12,オリジナル,-,B6
The Mobile Police Patlabor,い,田舎工房,Benny,2020/12/31,ファイブスター物語,-,B5
機動警察パカレイバー,い,田舎工房,丼ぶりめし,2022/8/13,ウマ娘,-,B5
月ノ美兎非実在ルポ ふたりまつり,う,海ノ家,シー@サイド,2024/8/12,Vtuber,-,A5
イデザブダン,う,ウメグラ系,梅野隆児,2022/12/30,富野,アンソロ,B5
BULLET KNIGHTS -Development Record-,え,N7747,イセ川ヤスタカ,2022/8/13,メガミデバイス,-,A4
もしも空を飛べたなら,え,エジプト文明堂,沖縄体液軍人会,2023/12/30,うる星やつら,-,折本
馬場庵,え,えとかじとか,えとか,2021/12/30,ウマ娘,-,B5
馬場庵2,え,えとかじとか,えとか,2022/8/14,ウマ娘,-,B5
馬場庵3,え,えとかじとか,えとか,2022/12/30,ウマ娘,-,B5
馬場庵4,え,えとかじとか,えとか,2023/5/28,ウマ娘,-,B5
馬場庵5,え,えとかじとか,えとか,2023/8/12,ウマ娘,-,B5
馬場庵6,え,えとかじとか,えとか,2023/10/29,ウマ娘,-,B5
馬場庵7,え,えとかじとか,えとか,2024/3/31,ウマ娘,-,B5
ごめんつきにはいけない。,お,おおやまの草,ルルれない,2024/8/11,ラジルギ,-,B5
プリチャンごった煮なんだもん!,お,おろなみん でぃ,犬飼りっぽ,2019/12/28,プリチャン,-,B5
16bitセンセーション,か,CUT A DUSH!!,若木民喜,2016/12/31,オリジナル,-,B5
16bitセンセーション2,か,CUT A DUSH!!,若木民喜,2017/8/11,オリジナル,-,B5
16bitセンセーション3,か,CUT A DUSH!!,若木民喜,2017/12/31,オリジナル,-,B5
16bitセンセーション4,か,CUT A DUSH!!,若木民喜,2018/8/12,オリジナル,-,B5
16bitセンセーション5,か,CUT A DUSH!!,若木民喜,2018/12/31,オリジナル,-,B5
16bitセンセーション6,か,CUT A DUSH!!,若木民喜,2019/8/11,オリジナル,-,B5
16bitセンセーションColors,か,CUT A DUSH!!,若木民喜,2019/8/11,オリジナル,-,B5
16bitセンセーション6_2,か,CUT A DUSH!!,若木民喜,2019/12/30,オリジナル,-,B5
16bitセンセーション7,か,CUT A DUSH!!,若木民喜,2021/12/31,オリジナル,-,B5
おまけ雑記,か,CUT A DUSH!!,みつみ美里,2021/12/31,よろず,-,B5
碧の落書,か,CUT A DUSH!!,みつみ美里,2023/5/7,よろず,-,B5
16bitセンセーション8,か,CUT A DUSH!!,若木民喜,2023/8/13,オリジナル,-,B5
16bitセンセーション9,か,CUT A DUSH!!,若木民喜,2023/10/1,オリジナル,-,B5
16bitセンセーション10,か,CUT A DUSH!!,若木民喜,2023/12/31,オリジナル,-,B5
16bitセンセーションアニメ資料集,か,CUT A DUSH!!,若木民喜,2023/12/31,オリジナル,-,B5
16bitセンセーション総集編2,か,CUT A DUSH!!,若木民喜,2024/8/12,オリジナル,-,A5
16bitセンセーション総集編3,か,CUT A DUSH!!,若木民喜,2024/8/12,オリジナル,-,A5
古典ゲー能考古學大系,か,GADGET,A-10,2020/12/27,ゲーム,-,A4
制服咲道楽 完全版,か,かんむりとかげ,つん,2022/8/13,咲,-,A4
有機制服 #05 夏色セーラーワンピース,か,かんむりとかげ,つむ,2022/12/31,オリジナル,-,B5
冬服セーラーワンピースまとめ本(岡山県を除く),か,かんむりとかげ,つん,2023/8/13,オリジナル,-,A5
たのしい最上考察,か,観音マリポッサ,最上谷ホヌ,2017/12/29,艦これ,-,A5
たのしい最上考察2,か,観音マリポッサ,最上谷ホヌ,2018/8/10,艦これ,-,A5
BLUE ANECDOTE,か,金田商店街,金田,2023/12/30,ブルーアーカイブ,-,B5
BLUE ANECDOTE2,か,金田商店街,金田,2024/8/3,ブルーアーカイブ,-,B5
J's7,き,牛乳屋さん,牛乳のみお,2017/8/13,オリジナル,-,B5
我が家のサーヴァント,く,紅ねじるし,ユウズィ,2016/12/31,FGO,-,B5
コハエース2017夏の増刊号,け,経験値ランド,"	経験値",2017/8/13,FGO,-,B5
ウマ ライク・プラシッド,こ,コーヒー飲みすぎ,ビリー,2021/12/30,ウマ娘,-,B5
ウマ ライク・プラシッド ウマーヴェリック,こ,コーヒー飲みすぎ,ビリー,2022/8/14,ウマ娘,-,B5
ウマ ライク・プラシッド メガ・ウマックス,こ,コーヒー飲みすぎ,ビリー,2022/12/30,ウマ娘,-,B5
ウマ ライク・プラシッド リトル・ウマーメイド,こ,コーヒー飲みすぎ,ビリー,2023/8/12,ウマ娘,-,B5
実証 愛情弁当,こ,こるり屋,こるり,2021/12/30,ウマ娘,-,B5
用法用量守れません,こ,こるり屋,こるり,2021/12/30,艦これ,-,B5
JJ(ガンダムZZ),さ,さらば我が友よ,むらたん,2022/8/13,ガンダム,-,B5
もちもち怪奇譚 ほしがほしい,し,ジュラルミンラブ,Pennel,2021/12/31,にじさんじ,-,A5
もちもち怪奇譚 ドッペルゲンガー,し,ジュラルミンラブ,Pennel,2022/5/7,にじさんじ,-,A5
もちもち怪奇譚 夢魔の棲む街,し,ジュラルミンラブ,Pennel,2022/12/30,にじさんじ,-,A5
もちもち怪奇譚 鏡の怪,し,ジュラルミンラブ,Pennel,2023/5/5,にじさんじ,-,A5
もちもち怪奇譚 水底に君と,し,ジュラルミンラブ,Pennel,2023/12/30,にじさんじ,-,A5
イヨちゃんと2億4千万のヒトミちゃん,し,しろくま屋,すか,2017/5/7,艦これ,-,B5
男の子が好きなやつをする女の子の本。,し,真・聖堂☆本舗,聖☆司,2020/10/18,オリジナル,-,B5
帰ってきたウルトラセブン,す,STUDIO SCAN,うらべすう,1993/8/16,ウルトラセブン,-,B5
ポイントレンジ・ラヴ3,す,スタジオN.BALL,針玉ヒロキ,2016/11/19,オリジナル,-,B5
とりあたまくん4,す,スタジオとりあたまくん,とりあたまくん,1997/7/26,オリジナル,-,B5
「7」～JULY～スパイシー大作戦7 8版,す,スパイシー大作戦,氷川へきる,2024/1/21,こみパ,-,B5
かんこれ戦記4,せ,雪墨庵,伊藤黒介,2017/12/29,艦これ,-,B5
ゴールドシップ風雲録,せ,雪墨庵,伊藤黒介,2021/12/31,ウマ娘,-,B5
ゴールドシップ風雲録2,せ,雪墨庵,伊藤黒介,2022/8/14,ウマ娘,-,B5
ゴールドシップ風雲録3,せ,雪墨庵,伊藤黒介,2023/8/12,ウマ娘,-,B5
ゴールドシップ風雲録4,せ,雪墨庵,伊藤黒介,2023/12/30,ウマ娘,-,B5
友達じゃいられない。,た,田中家の鴨,たなかあひる,2020/8/8,響けユーフォニアム,-,B5
DEEPBLUE,ち,Chokuya,Chokuya,2017/2/12,オリジナル,-,B5
カメラバカにつける薬 ふるさいず,て,ていこくらんち,飯田ともき,2023/12/31,オリジナル,-,A5
雑煮,て,てきとう,すし,2018/5/5,オリジナル,-,B5
雑煮2,て,てきとう,すし,2019/8/11,オリジナル,-,B5
R15,て,てきとう,すし,2022/5/5,オリジナル,-,B5
デジタルプレデター,て,てきとう,すし,2022/11/27,オリジナル,-,B5
ショットガール,て,てきとう,すし,2024/8/12,オリジナル,-,B5
きっとEntrance,て,鉄棒少年,夏師,2023/3/19,ぼっち・ざ・ろっく!,-,B5
吾輩はフォウである。,と,匿名天体,"	鶴",2017/8/13,FGO,-,B5
虹夏に彼氏ができた,な,なつくさ屋,バニラ芭蕉,2023/3/19,ぼっち・ざ・ろっく!,-,A5
カルディアンバスターズ,な,ななしのや,小雨大豆,2017/12/29,FGO,-,B5
金属鰻[RED],な,なるめワークス,なるめ,2023/12/31,オリジナル,-,B5
His Place Adove Us,な,内藤泰弘,内藤泰弘,1990/8/8,オリジナル,-,B5
ぼーなすたいむ!,ね,ねづのゆ,根津よくそ~,2024/8/11,おにまい,-,B5
ジマクピザ,ね,猫マル商店,Saitom,2016/12/31,よろず,-,A5
光の君のさがなき計画<藤壺>,の,ノラネコノタマ,雪野みなと,2017/8/13,オリジナル,ロリ,B5
日出ずる国の男子会,は,はぁとふる売国奴,田中圭一,2018/12/29,サンライズ作品,-,B5
REM X MIMI,は,ハチゴ,あやみ,2016/12/31,Reゼロから始める異世界生活,-,A4
REM x rcgk,は,ハチゴ,あやみ,2017/8/13,Reゼロから始める異世界生活,-,A4
ベラ様、ロナ家やめるってよ!,は,ハリヤマ,針井,2016/12/30,ガンダム,-,B5
3年目からのアリスギア<br>のどかワンダライズ,ひ,ひすでー,ひすでー,2023/8/12,アリスギア,-,B5
Messe,ひ,ぴろしき屋,ぴろしき,1989/12/24,オリジナル,-,B5
ごこく出発までのある1コマ。①,ひ,東村山研究棟,村山東一,2017/8/27,けものフレンズ,-,B5
魔性の潮,ひ,比村乳業,比村奇石,2014/12/29,艦これ,-,B5
月曜日のたわわ,ひ,比村乳業,比村奇石,2015/12/31,オリジナル,-,B5
月曜日のたわわ2,ひ,比村乳業,比村奇石,2016/8/14,オリジナル,-,B5
月曜日のたわわ3,ひ,比村乳業,比村奇石,2016/12/31,オリジナル,-,B5
月曜日のたわわ4,ひ,比村乳業,比村奇石,2017/8/11,オリジナル,-,B5
月曜日のたわわ5,ひ,比村乳業,比村奇石,2017/12/31,オリジナル,-,B5
月曜日のたわわ6,ひ,比村乳業,比村奇石,2018/8/12,オリジナル,-,B5
月曜日のたわわ7,ひ,比村乳業,比村奇石,2018/12/31,オリジナル,-,B5
月曜日のたわわ8,ひ,比村乳業,比村奇石,2019/8/12,オリジナル,-,B5
月曜日のたわわ9,ひ,比村乳業,比村奇石,2019/12/31,オリジナル,-,B5
月曜日のたわわEXTRA,ひ,比村乳業,比村奇石,2020/5/5,オリジナル,-,B5
月曜日のたわわ10,ひ,比村乳業,比村奇石,2020/12/30,オリジナル,-,B5
月曜日のたわわ11,ひ,比村乳業,比村奇石,2021/8/14,オリジナル,-,B5
月曜日のたわわ12,ひ,比村乳業,比村奇石,2021/12/31,オリジナル,-,B5
月曜日のたわわ13,ひ,比村乳業,比村奇石,2022/8/14,オリジナル,-,B5
月曜日のたわわ14,ひ,比村乳業,比村奇石,2022/12/31,オリジナル,-,B5
月曜日のたわわ15,ひ,比村乳業,比村奇石,2023/8/14,オリジナル,-,B5
月曜日のたわわ16,ひ,比村乳業,比村奇石,2023/12/31,オリジナル,-,B5
UMA MUSUME MATOME,ふ,フェザー・クラウン,おかだアンミツ,2022/8/14,ウマ娘,-,B5
YueSoci of the situation!,ふ,ブレないつ,四季おり,2023/8/12,グランブルーファンタジー,-,B5
白雪は白雪姫,ふ,富士山九合目,みずの,2016/12/29,艦これ,-,B5
平成同人物語,へ,平成同人製作委員会,平成同人製作委員会,2018/12/31,よろず,-,B5
オトマリ,ほ,ホープツーワン,二月,2022/9/25,アリスギア,-,B5
non☆colle8,ほ,ほぱおば,nonco,2018/8/10,艦これ,-,A5
non☆colle9(Q),ほ,ほぱおば,nonco,2018/12/30,艦これ,-,A5
non☆colle10,ほ,ほぱおば,nonco,2019/12/29,艦これ,-,A5
non☆colle11,ほ,ほぱおば,nonco,2020/12/31,艦これ,-,A5
non☆colle12,ほ,ほぱおば,nonco,2021/5/5,艦これ,-,A5
NON☆COMAUMA,ほ,ほぱおば,nonco,2021/8/28,ウマ娘,-,A5
NON☆COMAUMA2,ほ,ほぱおば,nonco,2021/12/30,ウマ娘,-,A5
のんべれケ。おかわり!!,ほ,ほぱおば,nonco,2022/5/5,オリジナル,-,A5
NON☆COMAUMA3,ほ,ほぱおば,nonco,2022/8/14,ウマ娘,-,A5
Blue Blue Buny C&C,ほ,ほぱおば,yumi,2023/12/30,ブルーアーカイブ,-,B5
ばにーのほん,ほ,ほぱおば,nonco,2023/12/30,ブルーアーカイブ,-,B5
だいたいセーラーふく,ま,まるたぁ小屋,もりちか,2019/12/30,オリジナル,-,B5
制服ときどき犬,ま,まるたぁ小屋,もりちか,2022/8/13,オリジナル,-,B5
青はゆめのいろ,も,木綿シリコン,川科,2021/12/19,ウマ娘,-,A5
オールウェイズ・グリーン,も,木綿シリコン,川科,2022/11/6,ウマ娘,-,B5
八九寺本真宵全肯定本,ゆ,茹でるメンダコ,暇,2023/12/30,物語シリーズ,-,B5
MONOGATARI HEROINES ONLY,ゆ,茹でるメンダコ,暇,2024/8/11,物語シリーズ,-,B5
八九寺本真宵全肯定本2,ゆ,茹でるメンダコ,暇,2024/8/11,物語シリーズ,-,B5
がんばれ同期ちゃん1,よ,よむ書店,よむ,2020/5/1,オリジナル,-,B5
がんばれ同期ちゃん2,よ,よむ書店,よむ,2020/8/14,オリジナル,-,B5
がんばれ同期ちゃん3,よ,よむ書店,よむ,2020/12/30,オリジナル,-,B5
がんばれ同期ちゃん4,よ,よむ書店,よむ,2021/5/1,オリジナル,-,B5
がんばれ同期ちゃん5,よ,よむ書店,よむ,2021/8/14,オリジナル,-,B5
がんばれ同期ちゃん6,よ,よむ書店,よむ,2021/12/30,オリジナル,-,B5
カンコレーション4,り,RICKY-TICK,藤井理乃,2016/5/8,艦これ,もがみん,B5
ロスト・ガールズ,れ,連邦帰宅部,連邦帰宅部員,2019/8/11,ブルーアーカイブ,-,A5
けもみみずぎ3,わ,ワダメモ,ワダアルコ,2019/8/11,オリジナル,-,A4
