タイトル,サークル名,発行者,発行年,掲載タイトル,掲載タイトル,掲載タイトル,掲載タイトル,掲載タイトル,掲載タイトル,掲載タイトル,掲載タイトル,掲載タイトル,掲載タイトル,掲載タイトル,掲載タイトル
16bitセンセーション1,CUT A DUSH!!,若木民喜,2019/8/11,16bitセンセーション,16bitセンセーション2,16bitセンセーション3,16bitセンセーション4,16bitセンセーション5,,,,,,,
大蒟蒻鍋 2014～2017,magifuro蒟蒻,蒟蒻鍋,2018/12/31,ふたなり診察タイム,ボクXボク,ふたなりJCの日常,ふたなりオナニーのススメ,おねろりふたなりみるく,早すぎ!ふたなりカノジョ,ふたなりお姉さんの誘惑,ふたなり娘は自分のちんぽに勝てない。,ちんちんを踏む話。,たまみこ,めちゃシコしちゃう系女子,
成子坂製作所艶戯録総集編,Studio G-Power!,SASAYUKi,2021/12/30,成子坂製作所艶戯録「チーム:U150cm編」,成子坂製作所艶戯録2「怜編」,成子坂製作所艶戯録3「チーム:NRtS編」,成子坂製作所艶戯録4,,,,,,,,
ふたなりスケッチ,ガジェット工房,A10,2018/12/31,ふたなりスケッチ,ふたなりスケッチ2,ふたなりスケッチ3,ふたなりスケッチ4,,,,,,,,
魔法少女猫XXX総集編,けんろー工房,おりもとみまな,2017/2/11,魔法少女猫XXX,魔法少女猫XXX2,魔法少女猫XXXF,,,,,,,,,
纏め!,田中家の鴨,たなかあひる,2019/12/28,カルテット,なかよしルームシェア,北宇治ファイト!!!,STAND BY,お邪魔しますセンパイ,STAND BY YOU,HAPPY MULTI PACK,描きおろし,,,,
アムネロ+,ひょこ道,ひょころー,2021/12/31,ミュカちゃんは断れない。,AMNERO,TIPSY RABBIT,AMNERO2,,,,,,,,
アムネロ総集編2,ひょこ道,ひょころー,2023/12/31,AMNERO3,AMNERO4,OMAKE,,,,,,,,,
終始二艦,ほぱおば,nonco,2019/6/23,ボジョレークーボー,ドキッ♥季節外れの水着フェスティバル!,砲雷ナイト,迎春特別号2,一気通艦,ニポンニキターレ!,きっと!季節外れの水着フェスティバル!,賑深海快,その他,描きおろし,,
のん☆これくしょん2,ほぱおば,nonco,2019/8/9,non☆colle5,non☆colle6,non☆colle7,,,,,,,,,
終始三艦,ほぱおば,nonco,2021/12/30,迎春特別号3,GWSP号,夕雲ディストラクション,La Camera,迎春特別号4,C96のぺらぺら本,残暑特別号,C97のぺらぺら本,ギリX2ミートパイ☆,描きおろし,,
ぼ総集編,焼きトリ定食,トリヤロウ,2023/12/31,承認欲求,欲求不満,催淫絶頂,リョウさんだって雌なんですよね,,描きおろし,,,,,,
あつめてみたヨ!,元祖園田屋,そうま竜也,2010/12/31,さぶまりん707子ちゃん,RPG伝説ヘポイ,エヴァンゲリオンとのん気な仲間たち,フラウのラブラブポイントカード,少女と愛犬のみだれた情事(赤チャ),伊藤さんのエロ本(ゲーム天国),,,,,,
雪ちんぽ総集編,水密桃工房,モモの水道水,2021/12/31,雪ちんぽ ふたなり雪歩と律子がレッスンする本,雪ちんぽ ふたなり雪歩と亜美真美が秘密の特訓する本,雪ちんぽ ほろ酔いあずささんがふたなり雪歩とえっちする本,雪ちんぽ ふたなり雪歩が暴走して伊織とえっちしちゃう本,,,,,,,,
