タイトル,サークル名,発行者,発行年,ジャンル作品,ジャンル癖,サイズ
すわショタ01,100円外務省,みりの,2017/8/11,東方,-,B5
すわショタ番外編10 すわ姉ちゃんが近いっ!!,100円外務省,みりの,2017/10/15,東方,-,B5
魔法騎士の白いアレ,70年式悠久機関,おはぎさん,2013/4/28,レイアース,ふたなり,B5
乙女騎士の淫靡ていしょん,70年式悠久機関,おはぎさん,2021/8/28,オリジナル,ふたなり,B5
Hな女子高生つめ,７番の置物,藤鼠,2016/12/31,オリジナル,-,A5
Hな女子高生つめ2,７番の置物,藤鼠,2017/12/31,オリジナル,-,A5
ろり＆ふた8 伊58&呂500,Achoromic,夢双月,2017/5/1,艦これ,ふたなり,B5
ろり＆ふた10 暁&響,Achoromic,夢双月,2018/1/1,艦これ,ふたなり,B5
ろり＆ふた11,Achoromic,夢双月,2018/8/13,プリズマイリヤ,ふたなり,B5
ろり＆ふた13,Achoromic,夢双月,2020/8/2,アイドルマスター,ふたなり,B5
ろり＆ふた12,Achoromic,夢双月,"	2019/01/01",小林さんちのメイドラゴン,ふたなり,B5
恋する乙女は大砲変化!,AGM2研,小黒正巳,1999/8/15,コレクターユイ,-,B5
教師ひとり、生徒ひとり。,Asunaro Neat.,ろんな,2021/12/31,オリジナル,-,B5
TSロリおじさんの冒険 オナニー編,Asunaro Neat.,ろんな,2022/12/31,オリジナル,-,B5
TSロリおじさんの冒険閑話 ふわふわドーム編,Asunaro Neat.,ろんな,2023/8/13,オリジナル,-,B5
TSロリおじさんの冒険閑話 ハンドメイドの章,Asunaro Neat.,ろんな,2023/12/31,オリジナル,-,B5
古書館ウィシュリスト,Ballistic onahole,Б,2022/12/31,ブルーアーカイブ,-,B5
カルデアマニア・黒&白(ジャンヌ),Bear Hand,俺正読,2019/4/14,FGO,ふたなり,B5
カルデアマニア・鬼&魔,Bear Hand,俺正読,2019/4/14,FGO,ふたなり,B5
カルデアマニア・源頼光,Bear Hand,俺正読,2019/8/12,FGO,ふたなり,B5
カルデアマニア・トリオブラウン,Bear Hand,俺正読,2019/8/12,FGO,ふたなり,B5
ま、いっか!,BlueMage,あおいまなぶ,2019/10/20,アリスギア,-,B5
惨状合体ひぐらしGO!,BlueMage,あおいまなぶ,2020/12/20,ひぐらしのなく頃に,-,B5
ウィッ乳,BlueMage,あおいまなぶ,2020/12/27,ストライクウィッチーズ,-,B5
豊穣沙都子ルチーアに咲く,BlueMage,あおいまなぶ,2021/5/23,ひぐらしのなく頃に,-,B5
ほなにー 秋山殿潜入大作戦(失敗),bolze.,○蜜柑,2013/2/17,ガールズアンドパンツァー,-,B5
Izetta mit Schwanz,bolze.,○蜜柑,2017/8/11,終末のイゼッタ,-,B5
ふたりで接待、若おかみ! おっこ・真月編,bolze.,○蜜柑,2018/12/29,若おかみは小学生,-,B5
なこXなこ,C.R's NEST,しーあーる,2018/8/12,サムライスピリッツ,ふたなり,B5
ふたなり剣士シズクの受難 触手鎧編,C.R's NEST,しーあーる,2018/11/23,オリジナル,ふたなり,B5
ふたなり何ガロン射精せる?,C.R's NEST,しーあーる,2019/9/23,ダンベル何キロ持てる?,ふたなり,B5
天使くんレビュアーズ,C.R's NEST,しーあーる,2020/3/21,異種族レビュアーズ,ふたなり,B5
Valkyrie Spear,C.R's NEST,しーあーる,2020/8/8,聖剣伝説,ふたなり,B5
えるゔん ぼう,C.R's NEST,しーあーる,2021/11/21,オリジナル,ふたなり,B5
Cursed Holy Clothes2,C.R's NEST,しーあーる,2022/11/3,ダークアドベント,ふたなり,B5
Lovely Submarin,CHIBIKKO KINGDOM,けこちゃ,2015/8/16,艦これ,潜水艦,B5
梱包少女EX,Clochette,咲良ゆき,2022/12/31,オリジナル,-,B5
ふた娘に悪戯しちゃいけません安藤恵編,Contamination,eigetu,2018/6/17,オリジナル,ふたなり,B5
401染 すべてが白になる日,CrowView,たじ,2016/5/1,艦これ,-,B5
浦波、承りました…,CrowView,たじ,2016/12/31,艦これ,-,B5
お〇ん〇んお掃除しながら元帥タッチ攻略,EASY MODE HEROS,あなくろ,2021/12/30,アズールレーン,ふたなり,B5
バーチャルY〇uTuber娘初雪ちゃんのオナホ実況商品レビュー,EASY MODE HEROS,あなくろ,2021/12/30,艦これ,ふたなり,B5
褐色こくまろ噴乳メイド,GOLD KOMAN SEX,バクシーシAT,2017/8/13,オリジナル,-,B5
FIRE!CRACKER6,HEAVEN'S UNIT,光野けい,1999/5/16,逮捕しちゃうぞ,-,B5
HTSK4.5,HTSK,にしゆき,2016/1/31,グランブルーファンタジー,ふたなり,B5
HTSK9,HTSK,にしゆき,2018/11/23,FGO,ふたなり,B5
M.F.H.H. MP2,In ART THEATER,FRED=KELLY,2003/12/30,みるもDEポン,-,B5
SOLDIER BLUE,INFINITY DRIVE,京極しん,2011/8/14,ストライクウィッチーズ,-,B5
Noblesseoblige ,INFINITY DRIVE,京極しん,2013/4/28,ストライクウィッチーズ,-,B5
Boyish Mellow,INFINITY DRIVE,京極しん,2015/5/2,艦これ,もがみん,B5
MO,INFINITY DRIVE,京極しん,2015/8/16,艦これ,もがみん,B5
日本昔クソ話,K2マンホール,P,2018/8/12,オリジナル,-,B5
モラ活,Lovewn Outpost,BLADE,2021/12/30,原神,-,B5
さよなら迅鯨 忌雷編,M.A.D. WORKS,たむ,2022/8/14,艦これ,-,A5
さよなら迅鯨 発情編,M.A.D. WORKS,たむ,2022/12/30,艦これ,-,A5
さよなら迅鯨 エステ編,M.A.D. WORKS,たむ,2023/8/12,艦これ,-,A5
この星の下で,mirumiru,もみる,2023/3/18,ぼっち・ざ・ろっく!,ふたなり,A5
レムちゃんは発情期,moriQ,森あいり,2016/9/24,Reゼロから始める異世界生活,-,B5
けいじゅん+αぱんつこれくしょん,MtU,MtU,2016/12/29,艦これ,-,B5
じゅうじゅん+αぱんつこれくしょん,MtU,MtU,2017/8/11,艦これ,-,B5
白血球のひみつ,M屋,みこやん,2021/12/31,はたらく細胞,ふたなり,B5
オーガ対ダークエルフ・オーガ繁殖大作戦,M屋,みこやん,2022/8/14,オリジナル,ふたなり,B5
オーガ対ダークエルフⅡ・ラヴラヴ!新婚大作戦,M屋,みこやん,"	2023/08/13",オリジナル,ふたなり,B5
異世界娼館,Naitou2,F4U,2016/8/14,オリジナル,-,B5
搾精ダンジョン攻略に向かない地味子のS級ドスケベステータス,Naitou2,F4U,2021/5/4,オリジナル,-,B5
恋愛禁止の勇者パーティーに向かない地味子のS級ドスケベステータス,Naitou2,F4U,2022/8/14,オリジナル,-,B5
レムの可愛さも鬼がかっている,odin,黒川IZUMI,2016/8/13,Reゼロから始める異世界生活,-,B5
マシュマシュ溢れてきちゃいマシュ,odin,黒川いづみ,2017/4/30,FGO,-,B5
薫冬優子お借りします,OrangeMaru,JP06,2021/8/9,アイドルマスター,-,B5
風の香も,Peθ,もず,2013/12/31,艦これ,もがみん,B5
Halu…,Peθ,もず,2016/12/31,ストライクウィッチーズ,ニパ,B5
MEDICAK DRUNKARD,pinvise,涼月くらら,2013/8/11,宇宙戦艦ヤマト,-,B5
Real Intention,pinvise,涼月くらら,2015/8/16,甘城ブリリアントパーク,-,B5
Sparkling Vacation Homework,pinvise,涼月くらら,2022/10/17,オリジナル,-,B5
鬼方カヨコはこんなことしない。,PTPYworks,シャモナベ,2022/8/14,ブルーアーカイブ,-,B5
惑溺する風信子(ヒヤシンス),PTPYworks,シャモナベ,2022/12/30,ブルーアーカイブ,-,B5
先生は弱いのでアリスが守護ります!,PTPYworks,シャモナベ,2023/8/12,ブルーアーカイブ,-,B5
鬼方カヨコはこんなことしない。2,PTPYworks,シャモナベ,2023/12/30,ブルーアーカイブ,-,B5
チャージングP15,P商会,P商会,1993/12/30,オリジナル,ふたなり,B5
MAO.,RED DRAGON,HASHIBA.H,2002/8/9,-,-,B5
ケダモノフレンズサプライズ,SERVICE HEAVEN,ハヤシ,2017/8/17,けものフレンズ,-,B5
ふたななじみ,SHIS,Zトン,2017/8/13,オリジナル,ふたなり,B5
TRASH BOX3,SNOB NERD WORKS,さめだ小判,2010/12/31,よろず,-,B5
TRASH BOX4,SNOB NERD WORKS,さめだ小判,2012/12/31,よろず,-,B5
姦これ提督が性的な目でしか艦娘を見てくれなくてつらい,SNOB NERD WORKS,さめだ小判,2013/12/31,艦これ,-,B5
結月ゆかりフタナリチンポRTA,Stapspats,翡翠石,2018/8/12,ボイロ,ふたなり,B5
成子坂製作所艶戯録2「怜編」,Studio G-Power!,SASAYUKi,2018/12/31,アリスギア,-,B5
成子坂製作所艶戯録3「チーム:NRtS編」,Studio G-Power!,SASAYUKi,2019/8/12,アリスギア,-,B5
成子坂製作所艶戯録4,Studio G-Power!,SASAYUKi,2019/12/31,アリスギア,-,B5
SAMPLE vol.3,STUDIO SAMPLE,けら,1991/8/16,あさりよしとお,-,B5
SWEET COCONUTS3,STUDIO一喝魔人,ざっくばらん,1993/12/30,本所和子,-,B5
E.C.C.C.M.,sys3.6.3.,ザンクロー,2004/12/30,オリジナル,-,B5
TYPE 1,sys3.6.3.,ザンクロー,2008/8/17,オリジナル,-,B5
TYPE 2 オーディンサーガ アートワークス,sys3.6.3.,ザンクロー,2010/8/16,オリジナル,-,B5
VARIANT PURIFICATION,sys3.6.3.,ザンクロー,2014/12/30,オリジナル,-,B5
VARIANT PURIFICATION2,sys3.6.3.,ザンクロー,2015/8/16,オリジナル,-,B5
VARIANT PURIFICATION3,sys3.6.3.,ザンクロー,2015/12/31,オリジナル,-,B5
PEROPERO CANDY,sys3.6.3.,ザンクロー,2016/8/14,オリジナル,-,B5
TENDER PURIFICATION,sys3.6.3.,ザンクロー,2016/12/31,オリジナル,-,B5
瓜報・2,T2 UNIT,Franken N,1990/12/24,アニパロ,-,B5
艦む寿司,Teaset's,茶器,2017/12/29,艦これ,-,変形
頬の薄紅褪せぬ間に,TUKIBUTO,氷樹一世,2014/8/17,艦これ,蒼龍,B5
TYPE-64a,TYPE-54,Frunbell,2021/11/29,ニジガク,-,B5
TYPE-67a,TYPE-54,Frunbell,2022/10/23,彼女、人見知ります,-,B5
TYPE-68a,TYPE-54,Frunbell,2022/12/30,リコリスリコイル,-,B5
カーテンコールと呼ぶには甘美過ぎた,virophilia,織日ちひろ,2022/9/25,ニジガク,ふたなり,B5
月海の果て,virophilia,織日ちひろ,2022/12/31,ニジガク,ふたなり,B5
発情義妹和泉紗霧開発性活,waterwheel,白田太,2017/8/13,エロマンガ先生,-,B5
マミさんだけ生えていない本,アバランチEX,アバラ丼,2022/12/31,まどかマギカ,ふたなり,B5
かにかまxぷにあなxガン掘りライフ,あらと屋,あらと安里,2021/4/30,オリジナル,ふたなり,B5
こいしお姉ちゃんにまかせなさい,あるたな,雉派(ちぱ),2017/5/7,東方,-,B5
慰め上手のこいしちゃん,あんみつよもぎ亭,みちきんぐ,2017/8/11,東方,-,B5
奥野田が精通上手で酔魔せん,あんみつよもぎ亭,みちきんぐ,2021/12/31,東方,-,B5
大人には,いずみ屋,和泉彪,2018/12/30,FGO,ふたなり,B5
お嬢様も本気出す,えかきびと,えかきびと,2021/12/30,異世界行ったら本気出す,-,B5
ふたなりプランター,エフ屋,メッシィ,2015/5/27,オリジナル,ふたなり,B5
ふたなりフレンド,エフ屋,メッシィ,2016/9/2,オリジナル,ふたなり,B5
ふたなりガールラブ,エフ屋,メッシィ,2016/12/31,オリジナル,ふたなり,B5
ふたなりレイニーディ,エフ屋,メッシィ,2017/5/3,オリジナル,ふたなり,B5
ふたなりエルフちゃん,エフ屋,メッシィ,2017/11/11,オリジナル,ふたなり,B5
ふたなりエルフちゃんサブクエスト,エフ屋,メッシィ,2017/12/31,オリジナル,ふたなり,B5
ふたなりメイドさん朝ミルク,エフ屋,メッシィ,2018/6/29,オリジナル,ふたなり,B5
ふたなり彼女 幼少編,エフ屋,メッシィ,2018/11/23,オリジナル,ふたなり,B5
ふたなり彼女 成長編,エフ屋,メッシィ,2018/12/31,オリジナル,ふたなり,B5
ふたなり彼女のおまけ,エフ屋,メッシィ,2019/3/30,オリジナル,ふたなり,B5
いとこのお姉ちゃんとないしょのミルク,エフ屋,メッシィ,2019/9/6,オリジナル,ふたなり,B5
ないしょのえっちなスケッチ詰め合わせ,エフ屋,メッシィ,2019/12/30,オリジナル,ふたなり,B5
ふたなりエルフ女戦士オナホ化本,エフ屋,メッシィ,2021/11/30,オリジナル,ふたなり,B5
ふたなりおねえちゃんあまあませっくす,エフ屋,メッシィ,2021/12/31,オリジナル,ふたなり,A4
ふたなりシスターのミルクは美味,エフ屋,メッシィ,2022/8/14,オリジナル,ふたなり,B5
ふたなり雪江さんとないしょ尿道姦,エフ屋,メッシィ,2023/5/9,オリジナル,ふたなり,B5
ないしょのふたり,エフ屋,メッシィ,2023/12/31,オリジナル,ふたなり,B5
マリーニップル,エンテレケイア,ちるまくろ,2016/8/14,DoA,-,B5
サーバルニップル,エンテレケイア,ちるまくろ,2017/8/13,けものフレンズ,-,B5
ケッコンずりずり,エンテレケイア,ちるまくろ,2017/12/31,アズールレーン,-,B5
ゆめのなかのリップ,エンテレケイア,ちるまくろ,2018/8/12,FGO,-,B5
ひなこ育成日誌,エンテレケイア,ちるまくろ,2018/12/31,オリジナル,-,B5
ひなこ育成日誌3,エンテレケイア,ちるまくろ,2019/8/11,オリジナル,-,B5
アクア様をいじめる本,エンテレケイア,ちるまくろ,2019/12/31,ボンバーガール,-,B5
パインにわからせる本,エンテレケイア,ちるまくろ,2020/6/23,ボンバーガール,-,B5
ヒモ神さまとひと晩中体液交換,エンテレケイア,ちるまくろ,2023/12/17,ダンまち,-,B5
某芸能事務所盗撮画像流出まとめ3,オオカミうお,オオカミうお,2024/1/3,アイドルマスター,-,B5
タマヒメサマ,おぞね,まるみや,2021/7/31,オリジナル,ふたなり,B5
ふたちゃん キャラブック・プラス,おぞね,まるみや,2021/7/31,オリジナル,ふたなり,B5
ママタマ,おぞね,まるみや,2021/7/31,オリジナル,ふたなり,B5
ふたなりスケッチ3,ガジェット工房,A-10,2016/5/3,ひだまりスケッチ,ふたなり,B5
ふたなりスケッチ4,ガジェット工房,A-10,2017/5/3,ひだまりスケッチ,ふたなり,B5
浦本OMF,カズ屋,由浦カズヤ,2018/8/12,オリジナル,ふたなり,B5
あなたはあなたちゃん,かにどうらく,かにばさみ,2022/8/13,ニジガク,ふたなり,B5
温泉で勃起したハッカドール3号,かにみそ屋,かにかま,2017/8/13,ハッカドール,-,B5
射精を我慢するハッカドール3号,かにみそ屋,かにかま,2017/12/31,ハッカドール,-,B5
あんこといっしょ!,かにみそ屋,かにかま,2018/8/12,まどかマギカ,-,B5
鹿目さんとあんこちゃん,かにみそ屋,かにかま,2018/12/31,まどかマギカ,-,B5
権力者に逆らえず2コマ堕ちする本,かにみそ屋,かにかま,2019/8/12,よろず,-,B5
ち〇こが生えたやすなの本,かにみそ屋,かにかま,2019/12/30,キルミーベイベー,ふたなり,B5
ふたちきゅ,かまた,かまた,2013/5/6,オリジナル,ふたなり,B5
ふたなり秋山殿が冷泉さんでパンツァーハイ!!,カムリズム,鬼頭サケル,2018/8/12,ガールズアンドパンツァー,ふたなり,B5
ふたなり秋山殿が西住さんでパンツァーハイ!!,カムリズム,鬼頭サケル,2018/12/31,ガールズアンドパンツァー,ふたなり,B5
ふたなり冷泉さんが竹部さんでパンツァーハイ!!,カムリズム,鬼頭サケル,2019/8/12,ガールズアンドパンツァー,ふたなり,B5
クソザコま〇こキャルちゃんち〇ぽきしくん,カムリズム,鬼頭サケル,2022/8/14,プリンセスコネクト,-,B5
トキの勃起力改善パーフェクトトレーニング,カムリズム,鬼頭サケル,2023/8/13,ブルーアーカイブ,-,B5
セミナー書記生塩ノアによる逆ちんぽ管理記録,カムリズム,鬼頭サケル,2023/12/31,ブルーアーカイブ,-,B5
ふたなりあくとれず! おへやえっち編,カンチラカンパニー,ぎゅーどん,2023/8/12,アリスギア,ふたなり,B5
ショウトツカイキン?,くまのとおるみち,くまだ,2016/8/13,艦これ,もがみん,B5
ミカと初めての共同作業,ぐりいん野はうす,温野りょく,2022/12/30,ブルーアーカイブ,-,B5
ミカとHする本,ぐりいん野はうす,温野りょく,2023/8/12,ブルーアーカイブ,-,B5
ふたなり48手指南線画集,ぐるぐる本舗,池田和宏,2021/6/6,オリジナル,ふたなり,B5
大晦日だョ!怒りの干支レース,ぐるぐる本舗,池田和宏,2021/12/31,オリジナル,ふたなり,B5
コハルとスケベする本,くれり亭,くれりて,2023/8/12,ブルーアーカイブ,-,B5
レンゲとこづくりセックスする本,くれり亭,くれりて,2023/12/30,ブルーアーカイブ,-,B5
春のつづき,ゲルピン,水無月十三,2018/8/12,プリキュア,ふたなり,B5
鳥海さんも及ばれしたい!,けんろー工房,おりもとみまな,2016/12/31,艦これ,-,B5
あなたの●●何センチ?,こくまろ調整豆乳,オーマンズリーダス,2022/8/14,オリジナル,-,A4
SF-MECHANIC Part2,コミック・ナット,岩気祐司,1985/8/11,オリジナル,-,B5
コミックガムNekoMimi Mode2004,コミックガム,コミックガム,2004/12/1,月詠 -MOON PHASE-,,B5
魔法英雄物語,コミックぴか,恋緒みなと,1990/8/19,オリジナル,-,B5
山郷ハラスメント,ザ・バナナピストルズ,山吉ファン太,2018/8/11,ガールズアンドパンツァー,-,B5
山郷エンゲージ,ザ・バナナピストルズ,山吉ファン太,2019/12/28,ガールズアンドパンツァー,-,B5
Project Sicorpio,サークルQUDA,Qudamono,2017/4/30,オリジナル,ふたなり,B5
生えも2,サークルとこやま,とこやまけいた,2019/12/28,プリチャン,-,B5
秘書艦最上くんの場合,サシミノイワ,しでん,2017/12/31,艦これ,もがみん,B5
Once and again!!,サヨナラホーネット,ヨシラギ,2017/12/29,FGO,ふたなり,B5
OJY1DVI2,サヨナラホーネット,ヨシラギ,2018/12/31,FGO,-,B5
徐福ちゃんなんかで卒業したくないやい!,サルパッチョ,わいら,2023/8/13,FGO,-,B5
メリュ子はぐいぐい来るが交尾がド下手。,サルパッチョ,わいら,2023/12/31,FGO,-,B5
ふたなり化及び性欲増強アーツ 経過観察記録 術師編,さんどるまん,みりちく,2023/3/12,アークナイツ,ふたなり,A5
提督はどーしても能代とHがしたい!!,じぇのばけーき,たかやKi,2016/8/14,艦これ,-,B5
うきうきCRISIS,ししゃもハウス,西野靖博,1986/12/28,オリジナル,-,B5
ガルパン授乳部。,ジャックとニコルソン,のりパチ,2017/12/31,ガールズアンドパンツァー,-,B5
RETAKE4,スタジオKIMIGABUCHI,スタジオKIMIGABUCHI,2006/8/11,エヴァンゲリオン,-,B5
RETAKE After,スタジオKIMIGABUCHI,スタジオKIMIGABUCHI,2006/12/29,エヴァンゲリオン,-,B5
Paろでぃっく3,スタジオSFC,スタジオSFC,1986/8/10,アニパロ,-,B5
ツチノコのチンチン天国射精地獄,すみからすみまで,ガビョ布,2022/12/31,けものフレンズ,ふたなり,B5
従順用姦最上,セニマンカルタン,虎助遥人,2015/12/31,艦これ,もがみん,B5
明石バイブレーション2,セニマンカルタン,虎助遥人,2016/12/31,艦これ,-,B5
サンタ鈴谷とえっちしよっ,セニマンカルタン,虎助遥人,2017/2/26,艦これ,-,B5
すずもがsensetion,セニマンカルタン,虎助遥人,2017/8/13,艦これ,もがみん,B5
ふたなり露出JKですが?4,そらむね,柚子ラムネ,2017/11/11,オリジナル,ふたなり,B5
ふたなり露出JKですが?5,そらむね,柚子ラムネ,2017/12/31,オリジナル,ふたなり,B5
お金が無くなったアルちゃんは気づいたら屈強な男たちに囲まれていた件。,ぞんびと愉快な仲間たち,すーぱーぞんび,2021/12/30,ブルーアーカイブ,-,B5
ふたなり社会人射精入院編,たいぼく,たいぼく,2023/5/5,オリジナル,ふたなり,変形
黒潮ちゃれんじ,たけ家,竹虎スズメ,2019/12/29,艦これ,-,B5
黒潮さん,たけ家,竹虎スズメ,2022/12/30,艦これ,-,B5
POSTGIRLさんはふりむかない。,チョットだけアルヨ。,竹村雪秀,2005/12/30,オリジナル,ふたなり,B5
あけくらし,チョットだけアルヨ。,竹村雪秀,2018/8/12,艦これ,ふたなり,B5
としのくれ,チョットだけアルヨ。,竹村雪秀,2018/12/31,艦これ,ふたなり,B5
うちしきり,チョットだけアルヨ。,竹村雪秀,2019/8/12,艦これ,ふたなり,B5
おくゆかし大湊編,チョットだけアルヨ。,竹村雪秀,2021/12/30,艦これ,ふたなり,B5
かけかけし,チョットだけアルヨ。,竹村雪秀,2022/12/31,艦これ,ふたなり,B5
おくゆかし2佐世保・大湊編,チョットだけアルヨ。,竹村雪秀,2023/12/31,艦これ,ふたなり,B5
めどぅえっち2さつめ,ドットエイト,さわやか鮫肌,2019/12/31,グランブルーファンタジー,ふたなり,B5
加賀さんに生えたので島風が一肌ぬぎました。,とまほーく,あっくす,2019/9/22,艦これ,ふたなり,B5
おなぼん。,とまほーく,あっくす,2020/2/9,オリジナル,-,B5
おなぼん。2,とまほーく,あっくす,2020/11/23,オリジナル,-,B5
おなぼん。3,とまほーく,あっくす,2022/9/1,オリジナル,-,B5
バックステージ IDOLxTWO-FACED,とらのあな,とらのあな,2021/5/1,オリジナル,イラスト,B5
超運動会超アカリハウス,なかよひモグダン,モグダン,1999/12/26,大運動会,-,B5
Natsukisugi,偽MIDI泥の会,石恵,2016/8/14,Reゼロから始める異世界生活,-,A4
杏山カズサのトリセツ,にんげんっていいな,にんげん,2023/12/30,ブルーアーカイブ,-,B5
ふたなりってナニ?,ねこあらし,也な,2022/8/14,オリジナル,ふたなり,B5
ふたなりアイドルでかたま露出ゲーム(仮),ハースニール,みさくらなんこつ,2012/12/31,オリジナル,ふたなり,B5
ふたなり芽衣ちゃんのヌきまくり夏休み,ハースニール,みさくらなんこつ,2018/8/12,オリジナル,ふたなり,B5
この因縁の二人で終止符を!,ハイテクペンケース,Tam-U,2016/12/31,この素晴らしい世界に祝福を,-,B5
駄メイドと密談を!,ハイテクペンケース,Tam-U,2017/4/18,この素晴らしい世界に祝福を,-,B5
大人のジャパリまん〇!,ハイパーピンチ,clover,2017/4/30,けものフレンズ,-,B5
お栄さんとふたなりアビーの閻魔亭生ハメ中出し交尾日誌,ばな奈工房,青ばなな,2019/8/12,FGO,ふたなり,B5
ナニよそれ?バッカじゃないの!,はにゃ屋敷,はにゃ,2022/8/14,よろず,ふたなり,B5
CHOICE2,はぽい処,岡崎武士,2016/12/31,Reゼロから始める異世界生活,-,B5
種付デビュー!?,ビーメロクリシェ,サインこす,2021/12/30,おちこぼれフルーツタルト,-,B5
ちょこっと。,ビーメロクリシェ,サインこす,2022/5/8,アイドルマスター,-,B5
センバツ!おなほ娘,ビーメロクリシェ,サインこす,2022/8/14,アイドルマスター,-,B5
おじさま専用2023,ビーメロクリシェ,サインこす,2023/12/31,よろず,-,B5
フタミルクあつめ,ピエピロー,あぴゃるぴえ,2018/6/9,オリジナル,ふたなり,B5
生えてる!駆け出し冒険者トリオ,ピエピロー,あぴゃるぴえ,2018/11/23,オリジナル,ふたなり,B5
ふた堕ちるし!,ピエピロー,あぴゃるぴえ,2019/3/30,オリジナル,ふたなり,B5
三人のふたなり冒険者と謎のクエストBOX,ピエピロー,あぴゃるぴえ,2019/9/23,オリジナル,ふたなり,B5
レムのエミリアくっつけ大作戦,ピコロボ,Piro,2016/12/31,Reゼロから始める異世界生活,-,B5
ガルパンキャラにエッチなお願いをしてみる本,ヒビメガネ,ヒビメガネ,2017/5/7,ガールズアンドパンツァー,-,B5
ふれあい愛里寿ちゃんランド,ヒビメガネ,ヒビメガネ,2017/8/12,ガールズアンドパンツァー,-,B5
お俺の妹がぁ4,ひょこ道,ひょころー,2011/8/14,俺の妹がこんなに可愛いわけがない,-,B5
ぼっき・ざ・ろっく!,ふたゆりアンソロリ,すずきひとなり,2023/8/13,ぼっち・ざ・ろっく!,ふたなり,B5
おっぱい学習帳,ぶらっくびねがー,サルシッチャ牧野,2023/12/31,オリジナル,-,B5
ポプニ系女子パニックVol.10,ぽてとさらだ,ヒめくり,2021/12/31,オリジナル,-,B5
Love:レムから始める早漏改善生活,ぽぽちち,ハ尋ぽち,2016/8/14,Reゼロから始める異世界生活,-,B5
Re:レムちゃん落書き本,まかろん大帝,がおん,2017/8/12,Reゼロから始める異世界生活,イラスト,B5
marine,まろん工房,サガノユウジ,2019/12/30,オリジナル,-,A4
marine 2nd,まろん工房,サガノユウジ,2021/12/31,オリジナル,-,A4
司令官、3Pするわよ!,みそはんせん,ラリアット,2019/12/29,艦これ,ふたなり,B5
しましまストライプ!!,みそはんせん,ラリアット,2020/5/3,艦これ,ふたなり,B5
futanari illustration01,むゐ画廊,むゐ,2018/6/9,オリジナル,ふたなり,B5
ふたなり娘研究チャンネル,むゐ画廊,むゐ,2019/9/23,オリジナル,ふたなり,B5
楽しい通学ドキドキオ〇ニー,むゐ画廊,むゐ,2019/9/23,オリジナル,ふたなり,B5
futanari illustration03,むゐ画廊,むゐ,2020/3/21,オリジナル,ふたなり,B5
ふたなり姉妹がなかよくHする本,むゐ画廊,むゐ,2023/5/4,オリジナル,ふたなり,B5
ダヴィンチンコード,メスマン帝国,交介,2018/8/12,FGO,ふたなり,B5
山城とレパルスの本,メメ屋,メメ50,2017/12/31,アズールレーン,-,B5
ウマほん,メルヘンBOX,MAOの,2018/8/11,ウマ娘,ふたなり,B5
おにまい裏ファンブック2,メルヘンBOX,MAOの,2023/12/30,おにまい,-,B5
襲 SIMPLEフェチシリーズ34,メルヘンBOX,MAOの,2023/12/30,オリジナル,-,B5
精処理覚えたてふたなりちんちんで無双しているせるふを絶対に止めて見せる,もちもちブルドーザー部,しゅぽーん,2023/8/6,DIY,ふたなり,B5
up! VOL.1,モルテンクラブ,あらいずみるい,1985/8/11,オリジナル,-,B5
RAPE THE PLATONIC Part3,ラインの守り商会,曲芸的自慰者,1986/8/10,アニパロ,-,B5
カズサに生えた。(生やした),りゅうせゐ園,やらゐ,2023/12/30,ブルーアーカイブ,ふたなり,B5
ビュルーアーイクイクVol.1快楽陰茎編,りゅうせゐ園,syoya,2023/12/30,オリジナル,ふたなり,A5
ふたなり特濃ミルクサーバー5,ルート十二面体,ランドルトたまき,2017/2/12,オリジナル,ふたなり,B5
ふたなり特濃ミルクサーバー7,ルート十二面体,ランドルトたまき,2017/11/11,オリジナル,ふたなり,B5
ふたなり特濃ミルクサーバー8,ルート十二面体,ランドルトたまき,2018/11/23,オリジナル,ふたなり,B5
たまつきふたがヤラれるほん3,ろぜったすとーん,ててるん,2018/11/23,オリジナル,ふたなり,B5
ろくろの回し者のラクガキ帳,ロリコンクリニック,ろくろの回し者,2023/8/8,オリジナル,-,B5
ろくろの回し者のラクガキ帳その2,ロリコンクリニック,ろくろの回し者,2023/12/31,オリジナル,-,B5
WASANBON VOL.8,わさんぼん,wa,2017/8/13,艦これ,-,B5
尻型重巡と一緒にお風呂,ワトサト,杉浦線,2014/12/29,艦これ,もがみん,B5
ロマンチック・ランサー,愛味亭,愛味亭うまみ,2018/11/23,FGO,ふたなり,B5
このあとふたなり娘にめちゃくちゃ逆ア〇ルされる,愛味亭,愛味亭うまみ,2019/12/30,オリジナル,ふたなり,B5
ハリガネモガミン,暗黒暴走組,アイヌマニア,2019/8/12,艦これ,もがみん,B5
稲荷屋さんちのまぜ本!ぐだぐだオブワイルド,稲荷屋,稲荷,2017/4/30,FGO,ゼルダ,B5
わるいこミカはおしおきされたい,陰謀の帝国,印カ・オブ・デッド,2023/5/7,ブルーアーカイブ,-,B5
ヲタ子さんVSスノーボウ,横島ん家,Ash横島,2019/8/11,オリジナル,ふたなり,B5
FUTAqours side-You,火愚夜姫工房,月下火愚夜姫,2018/8/12,ラブライブ,ふたなり,B5
我が鎮守府はマイクロビキニを採用しました,開栓注意,篤屋工業,2016/8/13,艦これ,-,B5
ドイツ艦と子作りしよう,開栓注意,篤屋工業,2016/12/29,艦これ,-,B5
コハルフタナル,核座頭,核座頭,2023/12/31,ブルーアーカイブ,ふたなり,B5
突然炎がごとく第二版,革命政府広報室,ラヂヲヘッド,2017/9/3,アイドルマスター,ふたなり,B5
モテないしガマンするのやめる,革命政府広報室,ラヂヲヘッド,2019/10/20,わたモテ,ふたなり,B5
夢見りあむふたなり炎上配信,革命政府広報室,ラヂヲヘッド,2022/8/14,アイドルマスター,ふたなり,B5
ぼっき・ざ・でぃっく!,革命政府広報室,ラヂヲヘッド,2023/12/31,ぼっち・ざ・ろっく!,ふたなり,B5
主将は練習がしたい!,関西オレンジ,荒井啓,2018/12/31,メジャー2,-,B5
ZARAX,魚ウサ王国,魚ウサ王,2016/12/29,艦これ,-,B5
POLAX,魚ウサ王国,魚ウサ王,2017/8/11,艦これ,-,B5
ザラとポーラのへべれけないと,魚ウサ王国,魚ウサ王,2017/8/11,艦これ,-,B5
皇帝特権EX,極彩色,彩社長,2017/4/30,Fate,ふたなり,B5
あざやか,空中線,マキオ,2019/12/29,艦これ,赤城,B5
SuperLative!,空中線,マキオ,2021/2/14,艦これ,もがみん,B5
シャララ,空中線,マキオ,2021/11/21,艦これ,もがみん,B5
ほんもの,空中線,マキオ,2022/12/30,艦これ,沖波,B5
セーラー 艦これ漫画短編集,空中線,マキオ,2023/8/12,艦これ,もがみん,B5
ADVENTURE,空中線,マキオ,2023/12/30,ガンダム,水星・ニカ,B5
Fantazio KAJ Realo 5&6合併号,幻想プロジェクト,幻想プロジェクト,1987/3/15,ガンダム,-,B5
逆境(ルーミ),御機械屋,OMECHA,1995/8/20,ギャラクシーファイト,-,B5
ブルアカふたなり合同,合同,伊巻てん,2023/8/12,ブルーアーカイブ,ふたなり,B5
サブマリン707RX,黒汐物産,岡昌平,2004/8/14,サブマリン707,-,B5
郵便受けにネズみだの虫だの死骸入れるのやめろっつってんだろ!!,紙魚丸製作所,紙魚丸,2024/2/12,ヤニねこ,-,B5
Re:ゼロから始める異世界イチャラブ結婚生活,紙切ればさみ,やすゆき,2016/8/14,Reゼロから始める異世界生活,-,B5
ふぇちこれ04,自宅vacation,うるりひ,2016/8/14,艦これ,浜風,B5
ロッテにお尻弄られる本,七面楚歌,すたーきー,2011/8/14,ロッテのおもちゃ,-,A5
ピンクの悪魔にお尻弄られる本,七面楚歌,すたーきー,2018/11/23,GGO,ふたなり,B5
上野さんにお尻弄られる本,七面楚歌,すたーきー,2019/8/11,上野さんは不器用,ふたなり,B5
くろしおおふろとりっぷ,捨八secの彼方(じゅっぱーせくのかなた),五月猫,2016/12/29,艦これ,-,B5
爆弾ピエロ,樹莱里,樹莱里,2001/7/1,エスプレイド,-,B5
出会った記憶なんてなかった,熟成角砂糖,sugarBt,2021/12/30,プリキュア,ふたなり,B5
姦これ鎮守府轟沈,小判屋,さめだ小判,2014/8/17,艦これ,-,B5
最上と秘密の温泉旅行,小判屋,さめだ小判,2016/8/14,艦これ,もがみん,B5
承認欲求,焼きトリ定食,トリヤロウ,2022/12/31,ぼっち・ざ・ろっく!,ふたなり,B5
欲求不満,焼きトリ定食,トリヤロウ,2023/3/18,ぼっち・ざ・ろっく!,ふたなり,B5
催淫絶頂,焼きトリ定食,トリヤロウ,2023/8/13,ぼっち・ざ・ろっく!,ふたなり,B5
フタユウカアーカイブ,焼きトリ定食,トリヤロウ,2024/1/20,ブルーアーカイブ,ふたなり,B5
ニムちゃんは四六時中構われたい,常時無常,篠塚譲二,2017/4/30,艦これ,-,B5
AUUUUUUN!,常時無常,篠塚譲二,2019/4/29,アリスギア,-,B5
の裏,新井カズキ,新井カズキ,2016/12/31,ガールズアンドパンツァー,ふたなり,B5
エリタマ,真珠貝,武田弘光,2014/8/17,ラブライブ,エリチ,B5
彼方ちゃんと陰茎付侑ちゃん,酢飯部,酢飯部,2022/7/10,ニジガク,ふたなり,B5
改淫懲悪みるきぃぽぷら,水中ホワイト,かるぴ,2018/8/12,オリジナル,ふたなり,B5
ふたなり解像されちゃう弊カルデア,水中ホワイト,かるぴ,2018/12/31,FGO,ふたなり,B5
ふたなり解像されちゃう弊カルデア2,水中ホワイト,かるぴ,2019/12/30,FGO,ふたなり,B5
TINPO ILLUSTRATION,水密桃工房,モモの水道水,2018/6/9,アイドルマスター,ふたなり,B5
雪ちんぽ ふたなり雪歩と律子がレッスンする本,水密桃工房,モモの水道水,2018/8/12,アイドルマスター,ふたなり,B5
雪ちんぽ ふたなり雪歩と亜美真美が秘密の特訓する本,水密桃工房,モモの水道水,2018/12/31,アイドルマスター,ふたなり,B5
雪ちんぽ ほろ酔いあずささんがふたなり雪歩とえっちする本,水密桃工房,モモの水道水,2019/8/11,アイドルマスター,ふたなり,B5
ある日突然ふたなりになったらPhase1,水密桃工房,モモの水道水,2019/11/24,オリジナル,ふたなり,B5
雪ちんぽ ふたなり雪歩が暴走して伊織とえっちしちゃう本,水密桃工房,モモの水道水,2019/12/30,アイドルマスター,ふたなり,B5
アイドルふたなり化スイッチ,水密桃工房,モモの水道水,2020/7/28,アイドルマスター,ふたなり,B5
雪ちんぽ ふたなり雪歩のにおいでやよいがトリップしちゃう本,水密桃工房,モモの水道水,2022/12/31,アイドルマスター,ふたなり,B5
双成寺女学園学内レポート,水密桃工房,モモの水道水,2023/5/4,オリジナル,ふたなり,B5
搾雪 ふたなり雪歩が搾られる本,水密桃工房,モモの水道水,2023/8/13,アイドルマスター,ふたなり,B5
双成寺女学園 交戦,水密桃工房,モモの水道水,2023/12/31,オリジナル,ふたなり,B5
駆逐艦船体検査提督所見報告書,青春カツサンド,かっさんどら,2015/12/30,艦これ,-,B5
巡洋艦船体検査提督所見報告書,青春カツサンド,かっさんどら,2016/12/29,艦これ,-,B5
戦艦空母船体検査提督所見報告書,青春カツサンド,かっさんどら,2017/12/29,艦これ,-,B5
ふたなりっこエンジェルオーバーキル,青葉Q魔洞,双葉淀夢,2017/5/3,オリジナル,ふたなり,B5
ふたまん! 放課後射精スケッチ,青葉Q魔洞,双葉淀夢,2017/11/11,オリジナル,ふたなり,B5
パンツァーハイのおさめかた3,青葉Q魔洞,双葉淀夢,2017/12/31,ガールズアンドパンツァー,ふたなり,B5
ふたまん! 2 真夜中のふたなりガール ,青葉Q魔洞,双葉淀夢,2018/6/9,オリジナル,ふたなり,B5
ふたなりっこサキュバスラブリーデイズ,青葉Q魔洞,双葉淀夢,2018/8/12,オリジナル,ふたなり,B5
パンツァーハイのおさめかた4,青葉Q魔洞,双葉淀夢,2018/11/23,ガールズアンドパンツァー,ふたなり,B5
ASLO1PLUS,千夜茶房,α・アルフライラ,2007/2/22,オリジナル,ふたなり,B5
ふたなりっ!4準備号,全日本生えてる會,ケミガワ,2017/5/3,オリジナル,ふたなり,B5
SHOOTING STAR Vol.1,創作同人流星群,梶慧,1986/6/14,オリジナル,-,B5
それなに…!?,村井村,村井村,2022/8/14,スローループ,ふたなり,B5
うちの子たちは可愛い!!,堕落園,みどりの,2023/12/31,オリジナル,-,B5
Record&Recording,台北人,虫原,2022/9/25,リコリスリコイル,ふたなり,A5
Surprise&Seduce,台北人,虫原,2022/12/31,リコリスリコイル,ふたなり,A5
大人のおもちゃ8巻 双葉のお話,大人のおもちゃ,楊広川,2018/9/22,オリジナル,ふたなり,B5
万引きJK生けいおん部,蛸壷屋,蛸壷屋,2009/8/16,けいおん,-,B5
これ本当にマッサージなんですか!?,中部漫団,重荷路無線,2022/12/31,オリジナル,-,B5
おん・ざ・ろっく!,中部漫団,重荷路無線,2023/8/13,ぼっち・ざ・ろっく!,-,B5
女の子たちのひみつの冒険,超斬開,TERてあ,2020/12/29,ポケモン,-,B5
女の子たちのひみつの冒険2,超斬開,TERてあ,2021/5/29,ポケモン,-,B5
女の子たちのひみつの冒険3,超斬開,TERてあ,2022/2/12,ポケモン,-,B5
女の子たちのいにしえの冒険,超斬開,TERてあ,2022/9/11,ポケモン,-,B5
オナホ売りの少女,超斬開,TERてあ,2023/12/31,オリジナル,-,B5
21号改造計画,超時空要塞カチューシャ,電気将軍,2018/8/12,ドラゴンボール,ふたなり,B5
最上とイチャイチャ喧嘩ックス!!,適齢期に食中毒,沢村青,2023/12/30,艦これ,最上,B5
落とし穴からの脱出,田中家の鴨,たなかあひる,2023/12/30,葬送のフリーレン,-,B5
好きだ,東村山研究棟,村山東一,2019/12/28,ケムリクサ,-,B5
ふたなりシスター はじめての説教,筒森園,筒森,2021/12/31,オリジナル,ふたなり,B5
おねえちゃんとっギュステでサマバケしたい!,藤屋本店,藤ます,2018/8/12,グランブルーファンタジー,-,B5
アリスと一緒にRPGごっこしましょう,半里プラザ,半里バード,2022/8/16,ブルーアーカイブ,-,B5
私はホシノがいいんだよ!!,半里プラザ,半里バード,2022/12/21,ブルーアーカイブ,-,B5
メス狐は視てしまった。,半里プラザ,半里バード,2023/12/31,ブルーアーカイブ,-,B5
セーラー服MAGAZINE くせになりそぉVol.3,秘密結社M,椎名望亜,1988/5/3,オリジナル,-,B5
せふいい,秒殺狸団,佐伯達也,2016/5/1,魔法少女なんてもういいですから。,-,B5
源さん2,敷島贋具,敷島天気,2009/8/16,かのこん,-,B5
淑女図鑑1,敷島贋具,敷島天気,2010/8/15,れでぃばと,-,B5
レムのエッチな悩みを解決してくださいっ,魔太郎,魔太郎,2016/8/14,Reゼロから始める異世界生活,-,B5
イリヤちゃんを完全同意(さいみん)でママにする本,毎日健康生活,ヘルシーマン,2022/12/31,FGO,-,B5
常夏艦隊,木綿シリコン,川科,2014/8/15,艦これ,もがみん,B5
ツルギだって青春したい,目つき悪い教団,駿河クロイツ,2023/12/31,ブルーアーカイブ,-,B5
ななおのナイショ,夜FUCKERS,ミツギ,2018/12/31,オリジナル,ふたなり,B5
ふたなり霊夢はお金が欲しい!!,余はおかずを所望しておる,しや,2017/10/15,東方,ふたなり,B5
性欲処理長ふたなり咲夜,余はおかずを所望しておる,しや,2017/12/29,東方,ふたなり,B5
早苗と文のヘンタイふたなり密会,余はおかずを所望しておる,しや,2018/8/10,東方,ふたなり,B5
がんばれ椛!文ちゃんのちんぽに負けるな!,余はおかずを所望しておる,しや,2019/5/5,東方,ふたなり,B5
射精させてください咲夜さん!!,余はおかずを所望しておる,しや,2019/8/12,東方,ふたなり,B5
異世界転生したらふたなり勇者様だった件,来世はふたなり美少女,orion,2022/11/3,オリジナル,ふたなり,B5
魔法力強化計画ブレイブブレイク,雷神会,はるきゲにあ,2016/11/20,ストライクウィッチーズ,-,B5
魔法少女催眠パコパコーズ,乱視と君と。,santa,2017/8/13,FGO,-,B5
もこもこXXディフュージョン,流体ユリナアル,流体肉,2021/5/29,プリキュア,-,B5
責任感もほどほどにしてくださいね!,恋愛漫画家,恋愛漫画家,2023/12/30,ガンダム,水星,B5
銃と母乳と吸血鬼2,惑星ノスタルジー,常磐緑,2023/8/13,オリジナル,ふたなり,B5
たまみこ,蒟蒻鍋,magifuro蒟蒻,2017/8/13,オリジナル,ふたなり,B5
ASS掘るフォくん2霊衣開放編,蒟蒻鍋,magifuro蒟蒻,2017/11/11,FGO,ふたなり,B5
めちゃシコしちゃう系女子,蒟蒻鍋,magifuro蒟蒻,2017/12/31,オリジナル,ふたなり,B5
よわよわふたなりサキュバスちゃん01,蒟蒻鍋,magifuro蒟蒻,2018/8/12,オリジナル,ふたなり,B5
ふたなりゆかりさんVSバーチャル空間,蒟蒻鍋,magifuro蒟蒻,2018/11/23,ボイロ,ふたなり,B5
よわよわふたなりサキュバスちゃん02,蒟蒻鍋,magifuro蒟蒻,2018/12/31,オリジナル,ふたなり,B5
よわよわふたなりサキュバスちゃん03,蒟蒻鍋,magifuro蒟蒻,2019/8/11,オリジナル,ふたなり,B5
フタナリミルクティー,蒟蒻鍋,magifuro蒟蒻,2019/9/23,オリジナル,ふたなり,B5
よわよわふたなりサキュバスちゃん04,蒟蒻鍋,magifuro蒟蒻,2019/12/30,オリジナル,ふたなり,B5
乳首が弱いふたなりゆかりさん,蒟蒻鍋,magifuro蒟蒻,2020/2/11,ボイロ,ふたなり,B5
ふたなりオナニズム,蒟蒻鍋,magifuro蒟蒻,2020/11/3,オリジナル,ふたなり,B5
ふたなりちゃんすぐイく,蒟蒻鍋,magifuro蒟蒻,2021/11/21,オリジナル,ふたなり,B5
ふたなり娘はスッキリしたい,蒟蒻鍋,magifuro蒟蒻,2022/11/3,オリジナル,ふたなり,B5
ふたなりちんちんの陳情,蒟蒻鍋,magifuro蒟蒻,2023/5/4,オリジナル,ふたなり,B5
なかなかイけないふたなり娘,蒟蒻鍋,magifuro蒟蒻,2023/8/13,オリジナル,ふたなり,B5
ふたなり娘と男の娘がイチャラブする話,蒟蒻鍋,magifuro蒟蒻,2023/10/9,オリジナル,ふたなり,B5
ふたなり娘はいつもとちがう,蒟蒻鍋,magifuro蒟蒻,2023/12/31,オリジナル,ふたなり,B5
