タイトル,五十音,サークル名,発行者,発行年,ジャンル,ジャンル,サイズ
Rough Sketch -JPN7-,-,-,辻野芳輝,2021/2/12,天外魔境,-,B5
Rough Sketch -skull-,-,-,辻野芳輝,2021/2/12,天外魔境,-,B5
おにまいレイアウト本,あ,アニメ風来坊,藤井慎吾,2023/8/13,おにまい,原画集,B5
IMIGINOEHON LR,あ,アフロくま本店,いみぎむる,2022/12/30,リコリスリコイル,原画集,A4
侵略本2,あ,あるばとろす,石川雅一,2012/8/12,イカ娘,原画集,B5
この醜くも美しい世界資料集,い,イージーエイト,佐伯昭志,2004/12/30,この醜くも美しい世界,原画集,B5
NEEDY GIRL ART BOOK,う,windose,windose,2023/8/13,NEEDY GIRL OVERDOSE,原画集,B5
MELTYKISS ごもく増刊VOL.1,え,M5,あかつきごもく,1995/12/30,オリジナル,-,B5
GOMOKUBOX6,え,M5,あかつきごもく,2004/12/16,オリジナル,-,B5
勇 楽我鬼魂,お,OBARI SOUL,大張正己,2024/8/11,ブレイバーン,原画集,B5
"いろいろな何か。""BW""",お,おたんぺこ,倉嶋丈康,2017/12/31,ストライクウィッチーズ,-,B5
"いろいろな何か。""YC""第2版",お,おたんぺこ,倉嶋丈康,2023/8/13,ゆるキャン△,-,B5
漫然,か,関東田舎言葉,五十嵐祐貴,2023/8/11,オリジナル,-,B5
やわらかメガトンパンチ7,か,元祖園田屋,園田健一,2006/8/13,くわがたツマミ,-,B5
BEAN BANDIT ROAD BUSTER,か,元祖園田屋,園田健一,2019/11/30,オリジナル,-,B5
BEAN BANDIT ROAD BUSTER FAN BOOK,か,元祖園田屋,園田健一,2020/10/30,オリジナル,-,B5
昔のソノケン。,か,元祖園田屋,園田健一,2022/12/31,オリジナル,-,B5
昔のソノケン2,か,元祖園田屋,園田健一,2024/8/12,オリジナル,-,B5
変身,き,きまぐれジーザス,椛島洋介,2021/12/30,戦姫絶唱シンフォギア,原画集,B5
変身II-戦う女の子本-,き,きまぐれジーザス,椛島洋介,2022/12/30,戦姫絶唱シンフォギア,原画集,B5
うまむすめとかのほん,き,きまぐれジーザス,椛島洋介,2024/8/11,よろず,-,A4
QUMAPON PEACOCK,く,くまちゃん製麺,松隈勇樹,2023/12/31,おにまい,原画集,B5
QUMAPON ROUGE,く,くまちゃん製麺,松隈勇樹,2023/12/31,おにまい,原画集,B5
合田浩章Fan Art.壱,こ,ことりくらぶ,合田浩章,2021/12/30,アマガミ,-,B5
合田浩章Fan Art.弐 キミニフレテ,こ,ことりくらぶ,合田浩章,2022/8/14,やがて君になる,-,B5
合田浩章Fan Art.肆,こ,ことりくらぶ,合田浩章,2023/12/30,よろず,-,B5
ことぶきつかさ個人誌らくがきチョップ4,こ,寿ちょっぷ,ことぶきつかさ,1998/8/15,アキハバラ電脳組,原画集,B5
月は鏡,さ,笹吉横丁,佐々木亮,1996/12/29,あすか120等,原画集,B5
提督の夏休み 後期型第2版,し,C2機関,C2機関,2013/8/28,艦これ,-,B5
フルカラーらくがき本,し,C教室,グレンズそう,2023/12/30,ぼっち・ざ・ろっく!,-,変形
鈴木典孝イラストBOOK 雀偵物語3/セイバーエンジェル原画集,す,Studio OX,鈴木典孝,1993/8/31,雀偵物語,原画集,B5
TENKO!鈴木典孝作品集,す,Studio OX,鈴木典孝,1994/8/7,アイドルプロジェクト,原画集,B5
OX-WORKS vol.1,す,Studio OX,鈴木典孝,1994/12/30,雀偵物語,-,B5
アイドルプロジェクト原画集1,す,Studio OX,鈴木典孝,1996/9/1,アイドルプロジェクト,原画集,B5
アイドルプロジェクト原画集2,す,Studio OX,鈴木典孝,1996/12/1,アイドルプロジェクト,原画集,B5
アイドルプロジェクト原画集3,す,Studio OX,鈴木典孝,1997/8/1,アイドルプロジェクト,原画集,B5
新世紀型OX通信 マガジンメテオエックス1,す,Studio OX,鈴木典孝,2001/12/30,オリジナル,-,B5
DAICON号 OUT OF NUMBER V,せ,st.BREAK,大平晋也,2024/8/11,DAICON,-,B5
ラクガキ本vol.4,そ,soda fountain,えげつねぇな…,2024/8/11,ブルアカ,-,B5
らくがき本VOL2,そ,そーまの本,そうま竜也,1992/8/15,オリジナル,-,A5
早秋の自由帳Vol.1(朱音),そ,早秋のスタジオ35,島田フミカネ,2019/8/12,アリスギア,-,B5
早秋の自由帳Vol.2(ｱﾝﾅﾁｬﾝ),そ,早秋のスタジオ36,島田フミカネ,2019/12/31,アリスギア,-,B5
tabgraphicsworks summer110814,た,tabgraphics,かんざきひろ,2011/8/14,初音ミク,-,B5
tabgraphics traxx4,た,tabgraphics,かんざきひろ,2016/12/31,初音ミク,-,B5
やのもり本,ち,CHACHAPI,矢野茜、森田莉奈,2024/8/12,CCさくら,-,B5
この夏戦車道はじめました改 2刷,ち,ちょきちょきランド,藤田幸久,2021/12/31,オリジナル,-,B5
みいな下書き集試作号増加 空 ,ち,ちょきちょきランド,藤田幸久,2022/12/31,オリジナル,-,A5
アイは地球を救うかもね号改2號,ち,ちょきちょきランド,藤田幸久,2023/8/12,アイの歌声を聞かせて,-,A5
夏のポーズ集2023,ち,ちょきちょきランド,藤田幸久,2023/8/13,オリジナル,-,A5
ペリ子ちゃん下描きポーズ集準備号,ち,ちょきちょきランド,藤田幸久,2024/8/12,オリジナル,-,A5
FxxK,と,所沢ブルームーン,モロトミ,2024/8/12,ガルクラ,-,B5
んああああああ,と,所沢ブルームーン,モロトミ,"	2023/08/13","	ヤマノススメ",-,B5
ガルパンのハードだったりソフトだったり色々描いたのを集めた本,の,のろりハウス,そうま竜也,2016/8/14,ガールズアンドパンツァー,-,B5
ガルパンの色々描いたのを集めた本2,の,のろりハウス,そうま竜也,2017/5/7,ガールズアンドパンツァー,-,B5
うみゃみゃみんみ けもフレの色々描いたのを集めた本,の,のろりハウス,そうま竜也,2017/8/12,けものフレンズ,-,B5
ガルパンの色々描いたのを集めた本3,の,のろりハウス,そうま竜也,2018/12/29,ガールズアンドパンツァー,-,B5
続うみゃみゃみんみ いちとにのあいだ,の,のろりハウス,そうま竜也,2019/8/10,けものフレンズ,-,B5
ウマ娘の色々描いたのを集めた本,の,のろりハウス,そうま竜也,2019/12/28,ウマ娘,-,B5
やまごーあゆみの絵を集めた本,の,のろりハウス,そうま竜也,2019/12/28,ガールズアンドパンツァー,-,B5
ガルパンのやらしい絵とか集めた本,の,のろりハウス,そうま竜也,2022/8/13,ガールズアンドパンツァー,-,B5
トナカイちゃん本,の,のろりハウス,そうま竜也,2023/12/30,けものフレンズ,-,B5
サーバルちゃんあつめ本,の,のろりハウス,そうま竜也,2024/4/29,けものフレンズ,-,B5
サーバルちゃんがえっちな本,の,のろりハウス,そうま竜也,2024/8/12,けものフレンズ,-,B5
16bitの切りおとし,は,はちのこの里,佐々木政勝,2024/8/12,16bitセンセーション,設定資料,B5
ごとうじゅんじのアイキャッチすぺしゃる,は,ぱろすぺしゃる,ごとうじゅんじ,2017/8/12,ハイスクールD×D,原画集,A4
Kipple06,は,原田屋,原田たけひと,2007/8/19,オリジナル,-,B5
Portfolio.,ひ,BG引き75mm/k,またたびーと,2024/8/11,オリジナル,-,B5
スタープラチナ原画集,ひ,VECTOR Z,撫荒武吉,1996/12/17,スタープラチナ,原画集,B5
retro charcter book,ふ,fluffy×fluffy,わき,2024/8/12,よろず,-,B5
VTuber book,ふ,fluffy×fluffy,わき,2024/8/12,VTuber,-,B5
ぼっちざろっくのしごと 上,ふ,FROG SKETCH,けろりら,2023/8/12,ぼっち・ざ・ろっく!,原画集,B5
すくみずらんど2,ふ,ぷっちんぷりん,ぽよよんろっく,2005/11/3,オリジナル,-,B5
KAZUSA KIKYO ARCHIVE ARTBOOK,ほ,ポンポコタン,村田駿,2024/8/11,ブルアカ,-,B5
みとんの仕事集,み,みとん,みとん,2023/12/31,おにまい,原画集,B5
PRACTICE GRAFFTI 5,め,Meisaiya,手島nari,2021/12/31,よろず,-,B5
ガールズバンドクライ ファンアート本,め,Meisaiya,手島nari,2024/8/12,ガルクラ,-,B5
海腹川背,め,迷羊亭,近藤敏信,1995/9/14,海腹川背,原画集,B5
nozumode7,や,yamamochi,のずみ,2023/12/31,よろず,-,B5
nozumode8,や,yamamochi,のずみ,2024/5/26,オリジナル,-,B5
nozumode9,や,yamamochi,のずみ,2024/8/12,よろず,-,B5
YNSらくがき2023win,ゆ,湯切湯,YKR,2023/12/31,ヤマノススメ,-,B5
問題だらけの鎮守府7,ら,らくがきのーと,石井久雄,2024/8/11,艦これ,-,B5
菜月と侑のひと夏の物語Ver1.5,り,リトルスレッド,タチバナ,2024/0809,やがて君になる,-,A5
おにまいレイアウト本総作監修正集1,わ,ワラウワクセイ,今村亮,2023/8/13,おにまい,原画集,B5
おにまいレイアウト本総作監修正集2,わ,ワラウワクセイ,今村亮,2023/12/31,おにまい,原画集,B5
momo29ラクガキ画集,わ,ワラウワクセイ,今村亮,2024/8/12,よろず,原画集,B5
momo29ラクガキ画集おまけ本,わ,ワラウワクセイ,今村亮,2024/8/12,よろず,原画集,B5
