タイトル,発行,発売日,刷数,ジャンル,状態
SOGNA ILLUSTRATIONS,COMPASS,1997/5/1,1版1刷,SOGNA,帯無し
SOGNA ILLUSTRATIONS II,COMPASS,1999/4/20,1版1刷,SOGNA,帯付き
TABOO原画集,笹倉出版社,1995/10/10,1版1刷,TABOO,帯無し
VIPER Series イラスト原画集,COMPASS,1994/12/10,1版1刷,VIPER,帯無し
VIPER Series イラスト原画集3,COMPASS,1997/12/1,1版1刷,VIPER,帯付き
アクティブ原画集,笹倉出版社,1996/8/25,1版1刷,アクティブ,帯無し
アマガミ オフィシャルコンプリートガイド,エンターブレイン,2009/5/7,1版1刷,アマガミ,帯付き
はっちゃけHARDなあやよさん本,BEEP,2018/9/1,1版1刷,あやよさん,DVD付き
アリスソフト美少女アルバム,徳間書店,1991/10/30,1版1刷,アリスソフト,帯付き
ALICE SOFT ILLUSTRATIONS アリスのらくがき帳,COMPASS,1993/5/10,1版1刷,アリスソフト,帯付き
鬼畜王ランス,ソフトバンク,1997/2/28,1版1刷,アリスソフト,帯付き
闘神都市II 原画&設定資料集,ソフトバンク,2000/4/3,1版11刷,アリスソフト,帯無し
アリスのえほん,アリスソフト,2000/12/7,1版1刷,アリスソフト,帯無し
リ・クルスOfficial Guide鳳凰の書,ソフトバンク,2002/1/20,1版1刷,アリスソフト,帯無し
同級生原画集,辰巳出版,1993/7/5,1版1刷,エルフ,帯無し
同級生2完全ガイド,辰巳出版,1995/5/30,1版1刷,エルフ,帯無し
ドラゴンナイト4完全ガイド,辰巳出版,1997/2/1,1版9刷,エルフ,帯付き
YU-NO完全ガイド,辰巳出版,1998/3/25,1版5刷,エルフ,帯付き
ビ・ヨンド完全ガイド C/W:恋姫,辰巳出版,2001/1/10,1版1刷,エルフ,帯付き
カクテルソフト原画集,ワコー出版,1996/4/15,1版1刷,カクテルソフト,帯無し
こみっくパーティー ビジュアルファンブック,メディアワークス,2002/7/20,1版1刷,こみっくパーティー,帯付き
スーパーリアル麻雀IV原画&設定資料集,ソフトバンク,1994/4/5,1版2刷,スーパーリアル麻雀IV,帯付き
ずっといっしょグラフィカルマニュアル,親声社,1998/4/12,1版1刷,ずっといっしょ,帯無し
フォスター原画集 楽園美少女図鑑,ワコー出版,1996/8/10,1版1刷,フォスター,帯無し
ブルーアーカイブ オフィシャルアートワークス,一迅社,2022/11/4,1版2刷,ブルーアーカイブ,帯付き
ポニーテールソフト美少女アルバム,徳間書店,1991/6/25,1版1刷,ポニーテールソフト,帯付き
ぽぽたん ろっくちゃんのひみつの絵本,角川書店,2003/9/30,1版1刷,ぽぽたん,帯無し
マール王国白書,KSS BOOKS,2000/4/30,1版1刷,マール王国,帯付き
まほろまてぃっくあどべんちゃーパーフェクトガイド,角川書店,2003/8/20,1版1刷,まほろまてぃっく,帯付き
ミンク原画集,創芸社,1994/9/15,1版1刷,ミンク,帯無し
メイビーソフト原画集,笹倉出版社,1996/5/1,1版1刷,メイビーソフト,帯無し
メルティマニア 全メルティランサーシリーズ完全ファンブック,ケイブンシャ,1999/10/5,1版1刷,メルティランサー,帯無し
艦これ公式作戦記録,宝島社,2014/4/20,1版2刷,艦これ,ポスター付き
艦これジャーナル 艦娘たちのお正月,角川書店,2015/1/1,1版1刷,艦これ,CDポスター付き
提督報告書,エンターブレイン,2015/1/13,1版2刷,艦これ,ポスター付き
お嬢様通信DX,ホビージャパン,1996/7/19,1版1刷,銀河お嬢様伝説ユナ,帯無し
銀河お嬢様伝説ユナ 公式設定資料集完全版,メディアワークス,1999/3/20,1版1刷,銀河お嬢様伝説ユナ,帯無し
甲虫王者ムシキングANNIVERSARY20th,宝島社,2023/8/21,1版1刷,甲虫王者ムシキング,カード付
終末の過ごし方Official Art Works,親声社,1999/7/28,1版1刷,終末の過ごし方,帯付き
終末の過ごし方Official Art Works 復刻改訂版,エンターブレイン,2003/4/24,1版1刷,終末の過ごし方,帯付き
YES!HG原画集,辰巳出版,1995/12/20,1版1刷,姫屋ソフト,帯無し
