タイトル,発行,発売日,刷数,五十音,ジャンル,状態
アイドルプロジェクト,KSS BOOKS,1997/7/22,1版1刷,あ,アイドルプロジェクト,帯無し
アイドル防衛隊ハミングバード,学研,1996/1/1,1版1刷,あ,アイドル防衛隊ハミングバード,帯無し
アリオン ロマンアルバム,徳間書店,1986/5/10,1版1刷,あ,アリオン,帯無し
うぽって! 公式ビジュアルファンブック,角川書店,2012/8/25,1版1刷,う,うぽって!,帯無し
宇宙のステルヴィア完全ビジュアルブック,メディアワークス,2003/12/20,1版1刷,う,宇宙のステルヴィア,帯無し
NG騎士ラムネ&40DX ワクワク時空炎の大捜査戦,ケイブンシャ,1993/11/9,1版1刷,え,NG騎士ラムネ,帯無し
エンジェリックレイヤー公式バトルブック,角川書店,2001/5/30,1版1刷,え,エンジェリックレイヤー,帯付き
リアン おねがいツインズオフィシャルファンブック,メディアワークス,2004/10/20,1版1刷,お,おねがいツインズ,帯付き
リエータ おねがいティーチャーオフィシャルファンブック,メディアワークス,2003/2/20,1版1刷,お,おねがいティーチャー,帯付き
おにまいおつかれ本,スタジオバインド,2023/7/26,1版1刷,お,お兄ちゃんはおしまい!,完品
お兄ちゃんはおしまい! OP原画集,スタジオバインド,2023/8/12,1版1刷,お,お兄ちゃんはおしまい!,完品
お兄ちゃんはおしまい! 設定資料集,スタジオバインド,2023/10/20,1版1刷,お,お兄ちゃんはおしまい!,完品
TVアニメ「カードキャプターさくら」作画監督修正集,アニメスタイル,2023/12/30,1版1刷,か,カードキャプターさくら,完品
カードキャプターさくら Cheerio!,講談社,2000/2/17,1版3刷,か,カードキャプターさくら,帯無し
カードキャプターさくら Cheerio!2,講談社,2000/4/21,1版1刷,か,カードキャプターさくら,帯無し
カードキャプターさくら Cheerio!3,講談社,2000/8/31,1版1刷,か,カードキャプターさくら,帯無し
カードキャプターさくら コンプリートブック クロウカード編,講談社,1999/7/30,1版1刷,か,カードキャプターさくら,帯無し
ガールズ&パンツァー 戦車道のよこみち,アスキーメディアワークス,2016/4/13,5版1刷,か,ガールズ&パンツァー,帯付き
ガールズ&パンツァー最終章 スタートしましたスタッフお疲れ様本,アクタス,2017/12/29,1版1刷,か,ガールズ&パンツァー,完品
かのこん コンプリート,メディアワークス,2008/10/31,1版1刷,か,かのこん,帯無し
かみちゅ!大全ちゅー!,一迅社,2011/6/1,1版1刷,か,かみちゅ,帯付き
ガルフォースムック,ムービック,1986//8/15,1版1刷,か,ガルフォース,帯無し
CONTINUE SPECIAL Gのレコンギスタ,太田出版,2022/8/8,1版1刷,か,ガンダム,完品
GUNDAM ILLUSTRATION MEMORIES,学研,2000/11/1,1版1刷,か,ガンダム,帯付き
M.S. ERA,バンダイ,1990/3/30,1版1刷,か,ガンダム,帯付き
TV版機動戦士ガンダム STORY BOOK1,講談社,1982/3/15,1版11刷,か,ガンダム,ポスター付き
TV版機動戦士ガンダム STORY BOOK2,講談社,1982/4/25,1版10刷,か,ガンダム,ポスター付き
TV版機動戦士ガンダム STORY BOOK3,講談社,1982/4/4,1版9刷,か,ガンダム,ポスター付き
TV版機動戦士ガンダム STORY BOOK4,講談社,1982/3/15,1版5刷,か,ガンダム,ポスター付き
ロマンアルバム 機動戦士ガンダム,徳間書店,1980/7/30,1版1刷,か,ガンダム,帯無し
機動戦士Vガンダム vol.1 NEWTYPE100%,角川書店,1994/2/10,1版1刷,か,ガンダム,帯付き
機動戦士Vガンダム vol.2 NEWTYPE100%,角川書店,1994/6/15,1版1刷,か,ガンダム,帯無し
機動戦士Zガンダム メカニカル編 NEWTYPE100%,角川書店,1985/10/31,1版1刷,か,ガンダム,帯無し
機動戦士ガンダム記録全集1,サンライズ,1979/12/20,1版1刷,か,ガンダム,ポスター付き
機動戦士ガンダム記録全集2,サンライズ,1980/5/1,1版1刷,か,ガンダム,帯無し
機動戦士ガンダム記録全集3,サンライズ,1980/7/1,1版1刷,か,ガンダム,ポスター付き
機動戦士ガンダム記録全集4,サンライズ,1980/8/16,1版1刷,か,ガンダム,ポスター付き
機動戦士ガンダム記録全集5,サンライズ,1980/10/24,1版1刷,か,ガンダム,ポスター付き
機動戦士ガンダム逆襲のシャア 公式記録全集,サンライズ,2022/9/22,1版1刷,か,ガンダム,完品
機動戦士ガンダム台本全記録,サンライズ,1980/12/13,1版2刷,か,ガンダム,帯無し
富野由悠季の世界 パンフレット,キネマ旬報社,2019/10/12,1版1刷,か,ガンダム,帯無し
富野由悠季の世界 図録,キネマ旬報社,2020/2/27,1版3刷,か,ガンダム,帯無し
富野由悠季全仕事,キネマ旬報社,2019/6/22,3版1刷,か,ガンダム,帯無し
かんなぎ 公式ビジュアルファンブック,一迅社,2009/5/1,1版1刷,か,かんなぎ,帯付き
少年サンデーグラフィック・スペシャル 機動警察パトレイバー,小学館,1989/2/1,1版1刷,き,機動警察パトレイバー,完品
くりぃむレモンメモリー PART4 ポップチェイサー,フェアリーダスト,1985/6/25,1版1刷,く,くりぃむレモン,ソノシート有
オリジナルビデオコレクション美少女アニメ くりいむレモン,富士見書房,1988/5/30,1版2刷,く,くりいむレモン,帯無し
くりぃむレモン PART15 超次元伝説ラルII,徳間コミュニケーションズ,1987/3/1,1版1刷,く,くりいむレモン,帯無し
くりぃむレモン PART4 ポップチェイサー,徳間コミュニケーションズ,1987/7/30,1版1刷,く,くりいむレモン,帯無し
愛蔵版くりいむレモンアルバム,創映新社,1987/11/15,1版1刷,く,くりいむレモン,帯無し
DYNAZENON&GRIDMANヒロインアーカイブ,一迅社,2021/10/20,1版1刷,く,グリッドマン,帯無し
グリッドマンユニバーススタッフ本,トリガー,2023/4/1,1版1刷,く,グリッドマン,完品
グレンラガン ニア写真集,一迅社,2008/7/15,1版1刷,く,グレンラガン,帯カード無し
グレンラガン ヨーコ写真集,一迅社,2008/2/1,1版1刷,く,グレンラガン,帯カード付き
ゲゲゲの鬼太郎 続伝承大集成,角川書店,,別冊,け,ゲゲゲの鬼太郎,付録本ニュータイプ19年8月号
この醜くも美しい世界 設定資料集,MOVIC,2005/1/1,1版1刷,こ,この醜くも美しい世界,完品
この醜くも美しい世界公式ビジュアルブック,メディアワークス,2004/12/30,1版1刷,こ,この醜くも美しい世界,帯無し
こみっくパーティー,KSS BOOKS,2002/2/28,1版1刷,こ,こみっくパーティー,帯付き
MEE 小鉄の大冒険,KSS BOOKS,1997/6/24,1版1刷,こ,小鉄の大冒険,帯無し
すずめといす,マクドナルド,2023/11/1,1版1刷,し,新海誠,シール付き
神秘の世界エルハザード 公式ツアーガイド ロマンアルバム,徳間書店,1996/5/25,1版1刷,し,神秘の世界エルハザード,帯付き
それゆけ!宇宙戦艦ヤマモトヨーコ ANIMEDIA SPECIAL,学研,2000/3/1,1版1刷,そ,それゆけ!宇宙戦艦ヤマモトヨーコTV,帯無し
ダーティペア CINEMA BOOK,MOVIC,1987/1/1,1版1刷,た,ダーティペア,帯無し
ダーティペア写真集 セクシィ・トゥ,徳間書店,1986/2/20,1版1刷,た,ダーティペア,帯付き
冒険!イクサー3,バンダイ,1991/6/20,1版1刷,た,戦え!!イクサー1,帯無し
Do It Yourself!! おつかれさま本,PINE JAM,2023/4/2,1版1刷,と,Do It Yourself!!,完品
Do It Yourself!! 公式設定資料集,PINE JAM,2023/9/6,1版1刷,と,Do It Yourself!!,完品
To Heart vol.1,KSS BOOKS,1999/10/30,1版1刷,と,To Heart,帯無し
To Heart vol.2,KSS BOOKS,2000/2/28,1版1刷,と,To Heart,帯無し
ドリームハンター麗夢SP,徳間書店,1990/3/31,1版1刷,と,ドリームハンター麗夢,帯付き
バース ジ・アニメ特別編集,近代映画社,1984/9/25,1版1刷,は,バース,帯無し
バトルアスリーテス大運動会 PERFECT COLLECTION,学研,1998/5/15,1版1刷,は,バトルアスリーテス大運動会,帯無し
バトルアスリーテス大運動会 アスリーテス白書 ロマンアルバム,徳間書店,1998/6/1,1版1刷,は,バトルアスリーテス大運動会,帯無し
万能文化猫娘 NEWTYPE100%,角川書店,1998/10/22,1版1刷,は,万能文化猫娘,帯無し
ひぐらしのなく頃にイラストレーションズ,一迅社,2008/8/22,1版1刷,ひ,ひぐらしのなく頃に,帯付き
ファイブスター物語 NEWTYPE100%,角川書店,1989/3/10,1版1刷,ふ,ファイブスター物語,完品
フタコイオルタナティブ アートワークス,メディアワークス,2005/8/1,1版1刷,ふ,フタコイ,付録本
双恋 フタコイオルタナティブ PERFECT BOOK,メディアワークス,2005/7/1,1版1刷,ふ,フタコイ,付録本
トロピカル～ジュ!プリキュア オフィシャルコンプリートブック,学研,2022/7/5,1版1刷,ふ,プリキュア,完品
トロピカル～ジュ!プリキュア特別増刊号 アニメージュ,徳間書店,2022/1/1,1版1刷,ふ,プリキュア,完品
アリガッ・トウ!ヘボット!公式ファンブック,グラフィック社,2018/5/25,1版2刷,へ,ヘボット!,帯付き
ミスマクロス7,徳間書店,1995/9/25,1版1刷,ま,マクロス,帯無し
まほろまてぃっく VISUAL BOOK,ワニブックス,2002/4/10,1版1刷,ま,まほろまてぃっく,帯無し
まほろまてぃっく アニメーション原画集vol.1,GAINAX,2002/6/12,1版1刷,ま,まほろまてぃっく,帯無し
魔法使いTai! Official documents,青磁ビブロス,1996/12/25,1版1刷,ま,魔法使いTai!,帯付き
魔法使いTai! TV&OVA設定解説ファンブック,ローカス,2000/9/5,1版1刷,ま,魔法使いTai!,帯無し
ヤマノススメNext Summitお疲れ様本,エイトビット,2022/12/21,1版1刷,や,ヤマノススメ,完品
ヤマノススメ公式設定資料集,エイトビット,2018/12/29,1版1刷,や,ヤマノススメ,完品
ヤマノススメ版権イラスト集,エイトビット,2021/12/30,1版1刷,や,ヤマノススメ,完品
覇王大系リューナイト アニメスペシャル,集英社,1995/1/23,1版1刷,り,リューナイト,帯無し
おっぱぁい!,一迅社,2011/9/6,1版2刷,ん,よろず,帯付き
決定版美少女アニメ大全集 1991,辰巳出版,1991/12/15,1版8刷,ん,美少女アニメ,帯無し
決定版美少女アニメ大全集RX,辰巳出版,1998/7/25,1版1刷,ん,美少女アニメ,帯無し
