タイトル,販売,開発,発売日,状態
16BIT RHYTHM LAND,,,,
Super大戦略,,,,
アウトラン,,,,
アトミックロボキッド,,,,
アフターバーナー2,マイコンソフト,マイコンソフト,1990/3/23,箱説付き
ヴァーミリオン,,,,
ギャラクシーフォース2,CSK総合研究所,CSK総合研究所,1991/9/13,箱説付き
クラックダウン,セガ,セガ,1990/12/10,箱説付き
グラナダ,,,,
サージングオーラ,,,,
サンダーフォース3,テクノソフト,テクノソフト,1990/6/8,箱説付き
サンダーフォース4,テクノソフト,テクノソフト,1992/7/24,箱説付き
シティコネクション,ハビットソフト,ハビットソフト,2023/9/27,箱説付き
シャイニングフォース 神々の遺産,,,,
スーパーファンタジーゾーン,,,,
スタークルーザー,,,,
スティールタロンズ,,,,
スペースファンキーB.O.B.,,,,
ゼノクライシス,,,,
ソーサリアン,,,,
ソニック・ザ・ヘッジホッグ,,,,
ダーウィン4081,,,,
ダライアス2,,,,
ダライアスEX,,,,
デビスカップワールドツアー,,,,
バーニングフォース,,,,
パノラマコットン(en_rev),,,,
ファンタシースター2,,,,
ファンタシースター4 千年紀の終わりに,,,,
フェリオス,,,,
ぷよぷよ,,,,
ぷよぷよ通,セガ,コンパイル,1994/12/2,説なし
マッドストーカー,,,,
メガパネル,,,,
モンスターワールド4,,,,
ランドストーカー,,,,
鮫鮫鮫,,,,
重装騎兵レイノス,,,,
焼鳥名人とり訡DX,ハビットソフト,ハビットソフト,2023/5/4,箱説付き
闘技王キングコロッサス,,,,
武者アレスタ,東亜プラン,コンパイル,1990/12/21,箱説付き
パノラマコットン(jp_rev),,,,
