タイトル,五十音,筆者,発行,レーベル,発売日,刷数,ジャンル,サイズ,状態
シェルブリッド,い,幾原邦彦,角川書店,-,1999/9/20,1版1刷,小説,新書,帯無し
セガハード戦記,お,奥成洋輔,白夜書房,-,2023/7/11,1版2刷,ゲーム,新書,帯サイン付き
追想 艦これ,か,艦これ編集部,角川書店,角川文庫,2016/6/25,1版1刷,ムック,文庫,アニメ帯
ガンダム・センチネル ALICEの懺悔,た,高橋昌也,大日本絵画,-,2003/10/1,1版6刷,小説,新書,帯付き
響けユーフォニアム 吹奏楽部日誌,た,武田綾乃,宝島社,宝島社文庫,2017/9/9,1版2刷,小説,文庫,アニメ帯
響けユーフォニアム 波乱の第二楽章 前編,た,武田綾乃,宝島社,宝島社文庫,2017/9/9,1版1刷,小説,文庫,アニメ帯
響けユーフォニアム 波乱の第二楽章 後編,た,武田綾乃,宝島社,宝島社文庫,2018/3/21,1版2刷,小説,文庫,アニメ大帯
響けユーフォニアム ホントの話,た,武田綾乃,宝島社,宝島社文庫,2018/4/19,1版1刷,小説,文庫,アニメ帯
響けユーフォニアム 決意の最終楽章 前編,た,武田綾乃,宝島社,宝島社文庫,2019/5/1,1版1刷,小説,文庫,アニメ帯
響けユーフォニアム 決意の最終楽章 後編,た,武田綾乃,宝島社,宝島社文庫,2019/7/6,1版1刷,小説,文庫,アニメ帯
飛び立つ君の背を見上げる,た,武田綾乃,宝島社,-,2021/2/27,1版1刷,小説,新書,帯付き
帰ってきたヒトラー上,て,T.ヴェルメシュ,河出書房,河出文庫,2016/5/29,1版2刷,小説,文庫,帯付き
帰ってきたヒトラー下,て,T.ヴェルメシュ,河出書房,河出文庫,2016/5/30,1版3刷,小説,文庫,帯付き
競馬シリーズ 追込 IN THE FRAME,て,ディック・フランシス,早川書房,-,1977/12/31,1版1刷,小説,ハードカバー,帯付き
競馬シリーズ 障害 RISK,て,ディック・フランシス,早川書房,-,1979/1/31,1版1刷,小説,ハードカバー,帯無し
写真作法,と,土門拳,ダヴィッツ社,-,1978/5/15,6版1刷,随筆,ハードカバー,帯無し
世界の真ん中の木,ふ,二木真希子,徳間書店,アニメージュ文庫,1990/7/10,1版2刷,漫画,文庫,帯無し
鬼兵団ルソンに散る,ま,「丸」編集部,光人社,光人社NF文庫,2014/11/23,1版1刷,小説,文庫,帯無し
シュナの旅,み,宮崎駿,徳間書店,アニメージュ文庫,2007/12/10,1版68刷,漫画,文庫,帯無し
エルピー計画,や,山岡有子・岸川靖,徳間書店,アニメージュ文庫,1987/2/25,1版2刷,ムック,文庫,帯付き
クドリャフカの順番,よ,米澤穂信,角川書店,角川文庫,2012/6/25,19版1刷,小説,文庫,アニメ大帯
愚者のエンドロール,よ,米澤穂信,角川書店,角川文庫,2012/7/15,33版1刷,小説,文庫,アニメ大帯
氷菓,よ,米澤穂信,角川書店,角川文庫,2012/7/15,33版1刷,小説,文庫,アニメ大帯
遠回りする雛,よ,米澤穂信,角川書店,角川文庫,2012/7/30,16版1刷,小説,文庫,アニメ大帯
ふたりの距離の概算,よ,米澤穂信,角川書店,角川文庫,2012/8/10,3版1刷,小説,文庫,アニメ帯
いまさら翼といわれても,よ,米澤穂信,角川書店,-,2016/12/20,1版2刷,小説,ハードカバー,帯付き
