タイトル,発行,発売日,ジャンル,状態
DOS/V POWER REPORT_2018_04,インプレス,2018/2/28,パーツ,-
DOS/V POWER REPORT_2019_08,インプレス,2019/6/28,パーツ,-
電子工作マガジン_2018冬,電波新聞社,2018/12/19,電気電子,ベーマガ41
電子工作マガジン_2019秋,電波新聞社,2018/9/19,電気電子,ベーマガ44
電子工作マガジン_2019夏,電波新聞社,2018/6/19,電気電子,ベーマガ43
電子工作マガジン_2019春,電波新聞社,2018/3/19,電気電子,ベーマガ42
トランジスタ技術_2018_06_実験超入門IoT電気塾,CQ出版社,2018/6/1,電気電子,-
トランジスタ技術_2022_01_実用元年cm級GPS大実験,CQ出版社,2022/1/1,電気電子,-
トランジスタ技術_2023_02_700号記念第2弾 プリント基板作り,CQ出版社,2023/2/1,電気電子,冊子付き
トランジスタ技術_2023_04_世界のマイコン探偵団,CQ出版社,2023/4/1,電気電子,冊子付き
トランジスタ技術_2023_08 1万円級ポケット測定器,CQ出版社,2023/8/1,電気電子,-
日経ソフトウェア_2020_05,日経BP,2020/3/24,プログラミング,冊子付き
日経ソフトウェア_2021_03,日経BP,2021/1/24,プログラミング,冊子付き
日経ソフトウェア_2021_07,日経BP,2021/5/24,プログラミング,冊子付き
日経ソフトウェア_2022_01,日経BP,2021/11/24,プログラミング,冊子CD付き
日経ソフトウェア_2022_03,日経BP,2022/1/24,プログラミング,冊子付き
日経ソフトウェア_2022_05,日経BP,2022/3/24,プログラミング,冊子CD付き
マイコンBASIC_1986_05,電波新聞社,1986/4/25,電気電子,-
マイコンBASIC_1988_10,電波新聞社,1988/9/25,電気電子,-
月刊アスキー_1984_12_コンピュータミュージック,アスキー,1984/11_1,PC,-
