タイトル,,,発行,発売日,刷数,ジャンル,状態
あずまんが あずまきよひこ作品集,あ,あずまきよひこ,パイオニア,2002/7/7,1版7刷,漫画家,帯付き
あまの・よ～き原画集,あ,あまの・よ～き,英知出版,2000/1/10,1版1刷,漫画家,帯無し
スレイヤーズ あらいずみるい画集,あ,あらいずみるい,富士見書房,1996/7/30,1版1刷,イラストレーター,帯付き
吾妻ひでおイラスト集 ミャアちゃんラブワールド,あ,吾妻ひでお,秋田書店,1983/7/30,1版1刷,漫画家,帯無し
超音速のMS少女,あ,明貴美加,大日本絵画,1994/8/1,1版2刷,キャラデザ,帯付き
いのまたむつみ LOVELY COLLECTION,い,いのまたむつみ,近代映画社,1984/6/30,1版1刷,キャラデザ,帯無し
月の聲星の夢 いのまたむつみ画集,い,いのまたむつみ,富士見書房,1993/10/30,1版11刷,キャラデザ,帯付き
TAKE OUT 伊藤岳彦「宇宙英雄物語」の世界,い,伊藤岳彦,集英社,1997/10/22,1版1刷,漫画家,帯付き
今村亮ラクガキ画集,い,今村亮,アニメスタイル,2023/12/30,1版1刷,作監,完品
今村亮ラクガキ画集 今村亮の女の子の描き方,い,今村亮,アニメスタイル,2023/12/30,1版1刷,作監,付録本
愛の仮晶 市川春子イラストレーションブック,い,市川春子,講談社,2017/11/20,1版1刷,漫画家,帯付き
鋼姫 飯沼俊規画集,い,飯沼俊規,イカロス出版,2019/9/15,1版1刷,イラストレーター,帯無し
うのまこと画集,う,うのまこと,集英社,2007/12/31,1版2刷,キャラデザ,帯無し
うるし原智志セルワークス,う,うるし原智志,MOVIC,1994/6/1,1版2刷,漫画家,帯付き
VENUSうるし原智志イラスト集,う,うるし原智志,学研,2001/1/1,1版9刷,漫画家,帯無し
Front Innocent vol.1,う,うるし原智志,エンターブレイン,2005/10/14,1版1刷,漫画家,帯付き
うるし原智志マガジン vol.1,う,うるし原智志,学研,2011/6/20,1版1刷,漫画家,帯無し
亜紀ファンタジー,う,内山亜紀,司書房,1985/9/15,1版1刷,漫画家,帯無し
宇宙(ユニヴァース),き,北村みなみ,グラフィック社,2021/7/25,1版1刷,イラストレーター,帯付き
the NEXT GENERATION,き,菊池通隆,富士見書房,1990/3/10,1版1刷,漫画家,帯無し
Risky Dolls 木村貴宏画集,き,木村貴宏,メディアワークス,2004/12/10,1版1刷,キャラデザ,帯付き
合田浩章スケッチブック,こ,合田浩章,アニメスタイル,2022/4/7,1版1刷,キャラデザ,帯付き
合田浩章スケッチブック+,こ,合田浩章,アニメスタイル,2022/4/7,1版1刷,キャラデザ,付録本
島田フミカネ ART WORKS,し,島田フミカネ,角川書店,2008/11/28,1版2刷,キャラデザ,帯付き
THE WORLD WITCHES,し,島田フミカネ,角川書店,2014/2/25,1版1刷,キャラデザ,帯無し
ART WORKS OF STRIKE WITCHES,し,島田フミカネ,角川書店,2014/3/25,1版1刷,キャラデザ,帯無し
鈴木雅久エリアル画集,す,鈴木雅久,朝日ソノラマ,1989/11/15,3版1刷,イラストレーター,
園田健一画集2 ぎゃらんと,そ,園田健一,バンダイ,1990/8/30,1版1刷,イラストレーター,帯付き
LO画集TAKAMICHI LOVE WORKS,た,たかみち,茜新社,2008/10/15,1版1刷,イラストレーター,帯付き
LO画集TAKAMICHI SUMMER WORKS,た,たかみち,茜新社,2011/9/10,1版1刷,イラストレーター,帯付き
LO画集2-A TAKAMICHI LOOP WORKS,た,たかみち,茜新社,2016/10/10,1版1刷,イラストレーター,帯付き
LO画集2-B TAKAMICHI LO-fi WORKS,た,たかみち,茜新社,2019/10/10,1版1刷,イラストレーター,帯付き
高橋久美子 アニメーションワークス,た,高橋久美子,アニメスタイル,2023/12/30,1版1刷,キャラデザ,完品
高橋久美子 アニメーションワークス ラフ冊子,た,高橋久美子,アニメスタイル,2023/12/30,1版1刷,キャラデザ,付録本
高村和弘ANIMATION WORKS,た,高村和弘,角川書店,2010/3/26,1版1刷,キャラデザ,帯無し
高田祐三画集 合縁奇縁,た,高田祐三,講談社,1993/9/8,1版1刷,漫画家,帯無し
Secret LOVERS 滝美梨華画集,た,滝美梨華,コアマガジン,2008/8/16,1版3刷,イラストレーター,帯付き
The FiveStarStories OUTLINE,な,永野護,角川書店,2001/12/25,1版1刷,漫画家,帯無し
F.S.S. DESIGNS1,な,永野護,角川書店,2005/9/25,1版1刷,漫画家,帯付き
F.S.S. DESIGNS2,な,永野護,角川書店,2007/7/10,1版1刷,漫画家,帯無し
F.S.S. DESIGNS3,な,永野護,角川書店,2008/9/25,1版1刷,漫画家,帯付き
SEVEN COLOR of the WIND 七瀬葵画集,な,七瀬葵,富士見書房,2006/4/10,2版1刷,イラストレーター,帯付き
中谷友紀子 東映アニメーションプリキュアワークス2,な,中谷友紀子,一迅社,2022/10/1,1版1刷,キャラデザ,帯付き
中嶋敦子画集,な,中嶋敦子,MOVIC,1996/4/10,1版1刷,キャラデザ,帯付き
中嶋敦子E-LOGIN表紙画集,な,中嶋敦子,エンターブレイン,2001/4/20,1版1刷,キャラデザ,帯無し
MAIHIME 久行宏和アートワークス,ひ,久行宏和,ソフトバンク,2006/2/21,1版1刷,キャラデザ,帯付き
博イラスト集 明日ちゃんまでの足跡,ひ,博,集英社,2022/1/24,1版1刷,漫画家,帯付き
ぽよよんろっくイラストレーションズ&アートワークスvol.1,ほ,ぽよよんろっく,ソフトバンク,2012/8/31,1版1刷,イラストレーター,帯付き
ぽよよんろっくイラストレーションズ&アートワークスvol.2,ほ,ぽよよんろっく,ソフトバンク,2012/12/31,1版1刷,イラストレーター,帯付き
ぽよよんろっくキャラクターズ,ほ,ぽよよんろっく,ソフトバンク,2014/12/31,1版1刷,イラストレーター,帯付き
堀部秀郎ART WORKS,ほ,堀部秀郎,JIVE,2007/5/24,1版8刷,イラストレーター,帯付き
CITRUS popman3580 アートワーク&スケッチ,ぽ,popman3580,玄光社,2021/12/24,1版1刷,イラストレーター,帯付き
AVENUE・M,め,MEIMU,久保書店,1988/5/1,1版1刷,漫画家,帯付き
ヤスダスズヒト画集 side: 夜桜四重奏,や,ヤスダスズヒト,講談社,2011/6/30,1版1刷,漫画家,帯付き
MINED吉崎観音自選イラスト集 ゲーメストムック149,よ,吉崎観音,新声社,1998/8/27,1版1刷,イラストレーター,帯無し
MINE bluE,よ,吉崎観音,エンターブレイン,2004/7/26,1版1刷,漫画家,完品
吉富昭仁キャラクタースケッチ10Years,よ,吉富昭仁,グラフィック社,2022/2/25,1版1刷,漫画家,帯付き
テクモ パチンコ&パチスロギャルズ イラストレーションズ,り,Rio,ソフトバンク,2007/11/5,2版1刷,イラストレーター,帯付き
渡辺明夫アートワークス,わ,渡辺明夫,ソフトバンク,2006/8/1,1版1刷,イラストレーター,帯付き
渡辺明夫アニメーションワークス,わ,渡辺明夫,一迅社,2012/5/5,1版1刷,イラストレーター,帯無し
