タイトル,五十音,発行,発売日,刷数,ジャンル,状態
アイドルプロジェクト,あ,KSS BOOKS,1997/7/22,1版1刷,アイドルプロジェクト,帯無し
アイドル防衛隊ハミングバード,あ,学研,1996/1/1,1版1刷,アイドル防衛隊ハミングバード,帯無し
アリオン ロマンアルバム,あ,徳間書店,1986/5/10,1版1刷,アリオン,帯無し
うぽって! 公式ビジュアルファンブック,う,角川書店,2012/8/25,1版1刷,うぽって!,帯無し
宇宙のステルヴィア完全ビジュアルブック,う,メディアワークス,2003/12/20,1版1刷,宇宙のステルヴィア,帯無し
NG騎士ラムネ&40DX ワクワク時空炎の大捜査戦,え,ケイブンシャ,1993/11/9,1版1刷,NG騎士ラムネ,帯無し
エンジェリックレイヤー公式バトルブック,え,角川書店,2001/5/30,1版1刷,エンジェリックレイヤー,帯付き
リアン おねがいツインズオフィシャルファンブック,お,メディアワークス,2004/10/20,1版1刷,おねがいツインズ,帯付き
リエータ おねがいティーチャーオフィシャルファンブック,お,メディアワークス,2003/2/20,1版1刷,おねがいティーチャー,帯付き
おにまいおつかれ本,お,スタジオバインド,2023/7/26,1版1刷,お兄ちゃんはおしまい!,完品
お兄ちゃんはおしまい! OP原画集,お,スタジオバインド,2023/8/12,1版1刷,お兄ちゃんはおしまい!,完品
お兄ちゃんはおしまい! 設定資料集,お,スタジオバインド,2023/10/20,1版1刷,お兄ちゃんはおしまい!,完品
カードキャプターさくら コンプリートブック クロウカード編,か,講談社,1999/7/30,1版1刷,カードキャプターさくら,帯無し
カードキャプターさくら Cheerio!,か,講談社,2000/2/17,1版3刷,カードキャプターさくら,帯無し
カードキャプターさくら Cheerio!2,か,講談社,2000/4/21,1版1刷,カードキャプターさくら,帯無し
カードキャプターさくら Cheerio!3,か,講談社,2000/8/31,1版1刷,カードキャプターさくら,帯無し
TVアニメ「カードキャプターさくら」作画監督修正集,か,アニメスタイル,2023/12/30,1版1刷,カードキャプターさくら,完品
ガールズ&パンツァー 戦車道のよこみち,か,アスキーメディアワークス,2016/4/13,5版1刷,ガールズ&パンツァー,帯付き
ガールズ&パンツァー最終章 スタートしましたスタッフお疲れ様本,か,アクタス,2017/12/29,1版1刷,ガールズ&パンツァー,完品
かのこん コンプリート,か,メディアワークス,2008/10/31,1版1刷,かのこん,帯無し
かみちゅ!大全ちゅー!,か,一迅社,2011/6/1,1版1刷,かみちゅ,帯付き
ガルフォースムック,か,ムービック,1986//8/15,1版1刷,ガルフォース,帯無し
機動戦士ガンダム記録全集1,か,サンライズ,1979/12/20,1版1刷,ガンダム,ポスター付き
機動戦士ガンダム記録全集2,か,サンライズ,1980/5/1,1版1刷,ガンダム,帯無し
機動戦士ガンダム記録全集3,か,サンライズ,1980/7/1,1版1刷,ガンダム,ポスター付き
ロマンアルバム 機動戦士ガンダム,か,徳間書店,1980/7/30,1版1刷,ガンダム,帯無し
機動戦士ガンダム記録全集4,か,サンライズ,1980/8/16,1版1刷,ガンダム,ポスター付き
機動戦士ガンダム記録全集5,か,サンライズ,1980/10/24,1版1刷,ガンダム,ポスター付き
機動戦士ガンダム台本全記録,か,サンライズ,1980/12/13,1版2刷,ガンダム,帯無し
TV版機動戦士ガンダム STORY BOOK1,か,講談社,1982/3/15,1版11刷,ガンダム,ポスター付き
TV版機動戦士ガンダム STORY BOOK4,か,講談社,1982/3/15,1版5刷,ガンダム,ポスター付き
TV版機動戦士ガンダム STORY BOOK3,か,講談社,1982/4/4,1版9刷,ガンダム,ポスター付き
TV版機動戦士ガンダム STORY BOOK2,か,講談社,1982/4/25,1版10刷,ガンダム,ポスター付き
機動戦士Zガンダム メカニカル編 NEWTYPE100%,か,角川書店,1985/10/31,1版1刷,ガンダム,帯無し
M.S. ERA,か,バンダイ,1990/3/30,1版1刷,ガンダム,帯付き
機動戦士Vガンダム vol.1 NEWTYPE100%,か,角川書店,1994/2/10,1版1刷,ガンダム,帯付き
機動戦士Vガンダム vol.2 NEWTYPE100%,か,角川書店,1994/6/15,1版1刷,ガンダム,帯無し
GUNDAM ILLUSTRATION MEMORIES,か,学研,2000/11/1,1版1刷,ガンダム,帯付き
富野由悠季全仕事,か,キネマ旬報社,2019/6/22,3版1刷,ガンダム,帯無し
富野由悠季の世界 パンフレット,か,キネマ旬報社,2019/10/12,1版1刷,ガンダム,帯無し
富野由悠季の世界 図録,か,キネマ旬報社,2020/2/27,1版3刷,ガンダム,帯無し
CONTINUE SPECIAL Gのレコンギスタ,か,太田出版,2022/8/8,1版1刷,ガンダム,完品
機動戦士ガンダム逆襲のシャア 公式記録全集,か,サンライズ,2022/9/22,1版1刷,ガンダム,完品
ゼータ バイブル 富野由悠季に聞く,か,講談社,2005/6/24,1版1刷,ガンダム,帯付き
かんなぎ 公式ビジュアルファンブック,か,一迅社,2009/5/1,1版1刷,かんなぎ,帯付き
少年サンデーグラフィック・スペシャル 機動警察パトレイバー,き,小学館,1989/2/1,1版1刷,機動警察パトレイバー,完品
くりぃむレモンメモリー PART4 ポップチェイサー,く,フェアリーダスト,1985/6/25,1版1刷,くりぃむレモン,ソノシート有
くりぃむレモン PART15 超次元伝説ラルII,く,徳間コミュニケーションズ,1987/3/1,1版1刷,くりいむレモン,帯無し
くりぃむレモン PART4 ポップチェイサー,く,徳間コミュニケーションズ,1987/7/30,1版1刷,くりいむレモン,帯無し
愛蔵版くりいむレモンアルバム,く,創映新社,1987/11/15,1版1刷,くりいむレモン,帯無し
オリジナルビデオコレクション美少女アニメ くりいむレモン,く,富士見書房,1988/5/30,1版2刷,くりいむレモン,帯無し
DYNAZENON&GRIDMANヒロインアーカイブ,く,一迅社,2021/10/20,1版1刷,グリッドマン,帯無し
グリッドマンユニバーススタッフ本,く,トリガー,2023/4/1,1版1刷,グリッドマン,完品
グレンラガン ヨーコ写真集,く,一迅社,2008/2/1,1版1刷,グレンラガン,帯カード付き
グレンラガン ニア写真集,く,一迅社,2008/7/15,1版1刷,グレンラガン,帯カード無し
ゲゲゲの鬼太郎 続伝承大集成,け,角川書店,,別冊,ゲゲゲの鬼太郎,付録本ニュータイプ19年8月号
この醜くも美しい世界公式ビジュアルブック,こ,メディアワークス,2004/12/30,1版1刷,この醜くも美しい世界,帯無し
この醜くも美しい世界 設定資料集,こ,MOVIC,2005/1/1,1版1刷,この醜くも美しい世界,完品
こみっくパーティー,こ,KSS BOOKS,2002/2/28,1版1刷,こみっくパーティー,帯付き
MEE 小鉄の大冒険,こ,KSS BOOKS,1997/6/24,1版1刷,小鉄の大冒険,帯無し
すずめといす,し,マクドナルド,2023/11/1,1版1刷,新海誠,シール付き
神秘の世界エルハザード 公式ツアーガイド ロマンアルバム,し,徳間書店,1996/5/25,1版1刷,神秘の世界エルハザード,帯付き
涼宮ハルヒイラストレーションズ 秋・冬,す,角川書店,2010/9/30,1版1刷,涼宮ハルヒ,帯無し
それゆけ!宇宙戦艦ヤマモトヨーコ ANIMEDIA SPECIAL,そ,学研,2000/3/1,1版1刷,それゆけ!宇宙戦艦ヤマモトヨーコTV,帯無し
ダーティペア写真集 セクシィ・トゥ,た,徳間書店,1986/2/20,1版1刷,ダーティペア,帯付き
ダーティペア CINEMA BOOK,た,MOVIC,1987/1/1,1版1刷,ダーティペア,帯無し
冒険!イクサー3,た,バンダイ,1991/6/20,1版1刷,戦え!!イクサー1,帯無し
Do It Yourself!! おつかれさま本,と,PINE JAM,2023/4/2,1版1刷,Do It Yourself!!,完品
Do It Yourself!! 公式設定資料集,と,PINE JAM,2023/9/6,1版1刷,Do It Yourself!!,完品
To Heart vol.1,と,KSS BOOKS,1999/10/30,1版1刷,To Heart,帯無し
To Heart vol.2,と,KSS BOOKS,2000/2/28,1版1刷,To Heart,帯無し
ドリームハンター麗夢SP,と,徳間書店,1990/3/31,1版1刷,ドリームハンター麗夢,帯付き
バース ジ・アニメ特別編集,は,近代映画社,1984/9/25,1版1刷,バース,帯無し
はいぱーぽりすスペシャル,は,富士見書房,1997/9/25,1版1刷,はいぱーぽりす,帯無し
バトルアスリーテス大運動会 PERFECT COLLECTION,は,学研,1998/5/15,1版1刷,バトルアスリーテス大運動会,帯無し
バトルアスリーテス大運動会 アスリーテス白書 ロマンアルバム,は,徳間書店,1998/6/1,1版1刷,バトルアスリーテス大運動会,帯無し
万能文化猫娘 NEWTYPE100%,は,角川書店,1998/10/22,1版1刷,万能文化猫娘,帯無し
ひぐらしのなく頃にイラストレーションズ,ひ,一迅社,2008/8/22,1版1刷,ひぐらしのなく頃に,帯付き
ファイブスター物語 NEWTYPE100%,ふ,角川書店,1989/3/10,1版1刷,ファイブスター物語,完品
双恋 フタコイオルタナティブ PERFECT BOOK,ふ,メディアワークス,2005/7/1,1版1刷,フタコイ,付録本
フタコイオルタナティブ アートワークス,ふ,メディアワークス,2005/8/1,1版1刷,フタコイ,付録本
トロピカル～ジュ!プリキュア特別増刊号 アニメージュ,ふ,徳間書店,2022/1/1,1版1刷,プリキュア,完品
トロピカル～ジュ!プリキュア オフィシャルコンプリートブック,ふ,学研,2022/7/5,1版1刷,プリキュア,完品
アリガッ・トウ!ヘボット!公式ファンブック,へ,グラフィック社,2018/5/25,1版2刷,ヘボット!,帯付き
マクロスFシェリル・ノーム,ま,角川書店,2009/10/18,1版3刷,マクロス,帯付き
ミスマクロス7,ま,徳間書店,1995/9/25,1版1刷,マクロス,帯無し
まほろまてぃっく VISUAL BOOK,ま,ワニブックス,2002/4/10,1版1刷,まほろまてぃっく,帯無し
まほろまてぃっく アニメーション原画集vol.1,ま,GAINAX,2002/6/12,1版1刷,まほろまてぃっく,帯無し
魔法使いTai! Official documents,ま,青磁ビブロス,1996/12/25,1版1刷,魔法使いTai!,帯付き
魔法使いTai! TV&OVA設定解説ファンブック,ま,ローカス,2000/9/5,1版1刷,魔法使いTai!,帯無し
ヤマノススメ公式設定資料集,や,エイトビット,2018/12/29,1版1刷,ヤマノススメ,完品
ヤマノススメ版権イラスト集,や,エイトビット,2021/12/30,1版1刷,ヤマノススメ,完品
ヤマノススメNext Summitお疲れ様本,や,エイトビット,2022/12/21,1版1刷,ヤマノススメ,完品
覇王大系リューナイト アニメスペシャル,り,集英社,1995/1/23,1版1刷,リューナイト,帯無し
おっぱぁい!,ん,一迅社,2011/9/6,1版2刷,よろず,帯付き
決定版美少女アニメ大全集 1991,ん,辰巳出版,1991/12/15,1版8刷,美少女アニメ,帯無し
決定版美少女アニメ大全集RX,ん,辰巳出版,1998/7/25,1版1刷,美少女アニメ,帯無し
