タイトル,発行,著者,発売日,刷数,ジャンル,状態
パース!マンガでわかる遠近法,マール社,デヴィッド・チェルシー,2006/6/20,1版7刷,パース,帯無し
スーパーデッサン,グラフィック社,林晃,2012/4/15,1版7刷,パース,帯無し
小道具とセットで使えるイラストポーズ集,ホビージャパン,-,2020/10/20,1版1刷,ポーズ,CD付き
クイックポーズデッサン,グラフィック社,エリン・ミーズ,2020/5/25,1版1刷,ポーズ,帯付き
萌えふたりの描き方 女の子編,ホビージャパン,カネダ工房,2017/6/23,1版2刷,ポーズ,帯無し
ポージング・チュートリアル,マール社,パク・リノ,2020/6/20,1版1刷,ポーズ,帯無し
へたっぴさんのための表情&ポーズの描き方入門,インプレス,森永めぐ,2022/12/11,1版1刷,ポーズ,帯無し
すぐできる美少女フィギュアの作り方,誠文堂新光社,GUHICO,2010/2/28,1版1刷,立体,帯無し
やさしい美術解剖図,マール社,J・シェパード,2008/8/20,1版52刷,解剖,帯無し
ソッカの美術解剖ノート,オーム社,ソク・ジョンヒョン,2020/7/10,1版6刷,解剖,帯付き
プロの撮り方構図の法則,ナショナルジオグラフィック,リチャード・ガーベイ,2019/5/31,1版3刷,構図,帯無し
ニューレトロの描き方,玄光社,-,2022/8/30,1版1刷,作画,帯無し
Paryiが全力で教える髪の描き方,ソフトバンク,Paryi,2021/9/1,1版4刷,作画,帯付き
TACO直伝 あらゆる悩みを解決するキャラ作画ノコツ160,PIE,TACO,2023/4/22,1版1刷,作画,帯付き
キャラに生命を吹き込むイラスト上達テクニック2,MdN,toshi,2013/5/1,1版1刷,作画,帯無し
キャラに生命を吹き込むイラスト上達テクニック,MdN,toshi,2015/9/21,1版14刷,作画,帯無し
アニメーターが教えるキャラ描画の基本法則,MdN,toshi,2016/2/1,1版1刷,作画,帯無し
神技作画,角川書店,toshi,2017/6/5,1版5刷,作画,帯無し
加々美高浩が全力で教える手の描き方,ソフトバンク,加々美高浩,2021/3/18,1版12刷,作画,帯付き
アニメーション作画法 実技編,創芸社,湖川友兼,1986/6/30,1版1刷,作画,帯無し
アニメーション作画法,創芸社,湖川友兼,1988/9/25,7版1刷,作画,帯無し
アニメ私塾流最速でなんでも描けるようになるキャラ作画の技術,X-Knowledge,室井康雄,2017/11/15,1版1刷,作画,DVD付き
美少女キャラの描き方,グラフィック社,林晃,2005/4/25,1版8刷,作画,帯無し
スーパーマンガデッサン,グラフィック社,林晃,2009/1/15,1版16刷,作画,帯無し
飛行機撮影ハンドブック,技術評論社,井上六郎,2019/5/1,1版1刷,写真,帯無し
イラストレーターが考えた女子高生ポーズ集,ホビージャパン,-,2018/3/30,1版1刷,制服,CD付き
女子中・高生のイラストブック,日貿出版社,クマノイ,2019/10/10,1版6刷,制服,帯無し
女子中・高生の制服攻略本,メディアワークス,クマノイ,2021/2/5,3版1刷,制服,帯付き
図解閉校中学校の女子制服,日貿出版社,クマノイ,2023/2/9,1版1刷,制服,帯無し
制服女子の撮り方バイブル,玄光社,青山裕企,2022/6/29,1版1刷,制服,帯無し
デジタルイラストのキャラ塗り最強辞典,ソフトバンク,-,2020/12/27,1版1刷,塗り,帯付き
どうしまが全力で教える服の塗り方,ソフトバンク,どうしま,2021/11/30,1版4刷,塗り,帯付き
色塗りチュートリアル,マール社,パク・リノ,2020/6/20,1版1刷,塗り,帯無し
光と色のチュートリアル,マール社,パク・リノ,2022/12/20,1版8刷,塗り,帯無し
