タイトル,サークル名,発行者,発行年,サイズ,掲載タイトル,掲載タイトル,掲載タイトル,掲載タイトル,掲載タイトル
грибЯД,-,あさりよしとお,1983/10/9,B5,-,-,-,-,-
ALL THAT HOGERA,-,あさりよしとお,1984/8/19,B5,-,-,-,-,-
白雨艶夢別冊「甘露」,(株)ネルガル空路システム広報部,DPP,2007/2/28,B5,,,,,
LUM IS OVER!,STUDIO GZZY,森野うさぎ,1987/12/24,B5,-,-,-,-,-
MAGICAL EMI HYPERUGIKINTOKI,STUDIO GZZY,森野うさぎ,1989/8/9,B5,-,-,-,-,-
別冊士魂「キ」號演習,T2UNIT教導団,TANK2ROW,1991/12/29,B5,-,-,-,-,-
新せん組三上!スパッツ娘の逆襲18禁,うたってゴー(H.I.T.工房),千葉治郎,1995/8/20,B5,-,-,-,-,-
AWAKEほとんど完全設定資料集,スタジオアオーク,あさりよしとお,1983/12/7,B5,-,-,-,-,-
「ま」,スタジオアオーク,あさりよしとお,1984/5/27,B5,赤色一号はあさりよしとお,-,-,-,-
ZZ,スタジオアオーク,あさりよしとお,1985/8/11,B5,-,-,-,-,-
GSPOTII,スタジオアオーク,あさりよしとお,1985/8/14,B5,-,-,-,-,-
HITPOINT,スタジオアオーク,あさりよしとお,1989/3/26,B5,-,-,-,-,-
中空知防衛軍,スタジオハイパーナイト,あさりよしとお,1983/8/7,B5,-,-,-,-,-
中空知防衛軍II ホゲラの逆襲,スタジオハイパーナイト,あさりよしとお,1983/12/25,B5,-,-,-,-,-
スタジオブライフ機関誌アルフ,スタジオブライフ,-,1984/5/28,B5,-,-,-,-,-
スーパーテクノロリア,ダミーサークル,あさりよしとお,1991/8/16,B5,-,-,-,-,-
躍動廃刊號,ダミーサークル,あさりよしとお,1991/12/30,B5,-,-,-,-,-
躍動復刊號,ダミーサークル,あさりよしとお,1992/8/16,A6,-,-,-,-,-
ダミーサークル一代記,ダミーサークル,あさりよしとお,1998/8/16,B5,本なんかでるわけないじゃん,ケロヨン,キミしっかり,-,-
えんぴつHまんが,ダミーサークル残党,あさりよしとお,1994/5/5,B5,-,-,-,-,-
とろろいも7,とろろいも,とろろいも1号,1987/7/27,B5,-,-,-,-,-
KanColle Admirals,ハッピーウォーミー修道会,蝉丸P,2013/12/30,B5,-,-,-,-,-
KanColle Admirals2,ハッピーウォーミー修道会,蝉丸P,2014/12/30,B5,-,-,-,-,-
朝鮮飴VER10.0,元祖園田屋,園田健一,1996/12/29,B5,カールビンソン,,,,
朝鮮飴VER11.0,元祖園田屋,園田健一,1996/12/30,B5,あさりなし,,,,
朝鮮飴VER12.0,元祖園田屋,園田健一,1997/12/29,B5,空飛ぶ幽霊船,,,,
朝鮮飴VER14.0,元祖園田屋,園田健一,1998/12/30,B5,きかんしゃトーマス,,,,
朝鮮飴VER16ペーパー付,元祖園田屋,園田健一,1999/12/26,B5,ペリーヌ残酷物語,,,,
朝鮮飴VER19,元祖園田屋,園田健一,2001/8/12,B5,あさりなし,,,,
げんしけん「同人誌」,講談社,アフタヌーン,2005/6/23,B5,-,-,-,-,-
ヴィスタフカ2,黒潮商会,あさりよしとお,1991/12/30,B5,-,-,-,-,-
ヴィスタフカ3,黒潮商会,あさりよしとお,1992/8/16,B5,-,-,-,-,-
躍動休刊號,新世界壮健社,あさりよしとお,1990/12/24,B5,-,-,-,-,-
ヴィスタフカ別冊エロい絵,新世界壮健社,あさりよしとお,1993/8/16,B5,-,-,-,-,-
おいら宇宙の炭鉱夫予告編,新世界壮健社,あさりよしとお,1994/12/30,B5,-,-,-,-,-
がっぽん合本,新世界壮健社,あさりよしとお,1995/12/30,A5,えんぴつHまんが,よこちん!!,おいら宇宙の炭鉱夫,えんぴつ描きH(すけべ)まんが,-
ぼくのかんがえたしと,新世界壮健社,あさりよしとお,1996/8/25,A5,-,-,-,-,-
えんぴつ描きエロまんが1996暮れの号,新世界壮健社,あさりよしとお,1996/12/29,A5,-,-,-,-,-
えんぴつ描きエロまんが(黄),新世界壮健社,あさりよしとお,1998/12/26,A5,-,-,-,-,-
ヴィスタフカ4.5,新世界壮健社,あさりよしとお,1999/5/16,B5,-,-,-,-,-
えんぴつ描きエロまんぐわ1999夏の号,新世界壮健社,あさりよしとお,1999/8/15,A5,-,-,-,-,-
えんぴつ描きエロまんが(青),新世界壮健社,あさりよしとお,1999/12/26,A5,-,-,-,-,-
えんぴつ描きエロまんが2000夏,新世界壮健社,あさりよしとお,2000/8/13,A5,-,-,-,-,-
がっぽん合本3,新世界壮健社,あさりよしとお,2010/8/15,A5,鉄人対エイリアン 1998/12+1999/8,めちゃっこドタコン 1996/12,少年モーグリ 2000/8,えんぴつ描きH(すけべ)まんが,-
えんぴつ描きエロまんが2011冬 明日があるさ。,新世界壮健社,あさりよしとお,2011/12/31,A5,-,-,-,-,-
えんぴつ描きエロまんが2012夏 明日があるさ。2,新世界壮健社,あさりよしとお,2012/8/12,A5,,,,,
えんぴつ描きエロまんが2012冬 福音Qちゃん,新世界壮健社,あさりよしとお,2012/12/31,A5,,,,,
えんぴつ描きエロまんが2014冬の号,新世界壮健社,あさりよしとお,2014/12/30,A5,-,-,-,-,-
えんぴつ描きエロまんが2018夏,新世界壮健社,あさりよしとお,2018/8/10,A5,-,-,-,-,-
獅子ノ魔女外伝,第8装甲連隊,あさりよしとお,2012/12/31,B5,-,-,-,-,-
獅子ノ魔女4,第8装甲連隊,あさりよしとお,2014/12/30,B5,-,-,-,-,-
萌えよ!戦車予備校夏期講習号,日本晴,あさりよしとお,2007/8/17,B5,-,-,-,-,-
モテあそびにいくヨ!りたーんず,日本晴,あさりよしとお,2009/12/29,B5,-,-,-,-,-
悪魔のみぞ知るセカイ,日本晴,あさりよしとお,2010/8/13,B5,-,-,-,-,-
カノンちゃんの憂鬱,日本晴,あさりよしとお,2010/12/29,B5,-,-,-,-,-
そして、星へ行く艦,日本晴,あさりよしとお,2012/8/10,B5,-,-,-,-,-
ちかいの地球,日本晴,あさりよしとお,2012/12/29,B5,-,-,-,-,-
ウソコイ,日本晴,あさりよしとお,2013/12/30,B5,-,-,-,-,-
ガルパン三世カリオストロの城,日本晴,あさりよしとお,2016/8/12,B5,-,-,-,-,-
ガルパン三世Part2颯爽登場,日本晴,あさりよしとお,2016/12/30,B5,-,-,-,-,-
ターニャの前線日記,日本晴,あさりよしとお,2017/8/12,B5,-,-,-,-,-
古見さんは、古見症です。,日本晴,あさりよしとお,2017/12/30,B5,-,-,-,-,-
花の湯パラダイス!,日本晴,あさりよしとお,2018/12/29,B5,-,-,-,-,-
ガルパン三世カリオストロの城 EXTDエディション最終版,日本晴,あさりよしとお,2019/8/10,B5,-,-,-,-,-
三四一戦闘団大忘年会,日本晴,あさりよしとお,2021/12/30,B5,-,-,-,-,-
