タイトル,サークル名,発行者,ジャンル,ジャンル,発行年,参加者,参加者,参加者,参加者,参加者,参加者,参加者,参加者,参加者,参加者,参加者,参加者,参加者,参加者,参加者,参加者,参加者,参加者,参加者,参加者,参加者,参加者,参加者,参加者,参加者,,,,,,,,,
すくらんぶるDAYS,あまもりウィークリー,シクシク,ウマ娘,マヤブラ,2022/8/14,田丸,33o,具,よぬりめ,むかきん,絢芽いろ,のちゃ,えびぽ,シクシク,180,るる,河地りん,Elan,月犬,ぎしやま,ちぇの,ツ箱にゃ,海竜,ぜきの,,,,,,,,,,,,,,,
キヴォトス夜の大運動会 絶倫大祭,角砂糖,だにまる,芝石ひらめ,ひし形とまる,2023/12/31,まるごし,比宮じょーず,くれりて,92M,ユエ,ばつ,かずたろ,月並甲介,じゃが山たらヲ,半里バード,塀,やもげ,菊のすけまる,きづかかずき,印カ・オブ・ザ・デッド,,,,,,,,,,,,,,,,,,,
キヴォトス夜の大運動会 絶倫大祭 後夜祭,角砂糖,やもげ,ブルーアーカイブ,,2024/8/11,,,,,,,,,,,,,,,,,,,,,,,,,,,,,,,,,,
スカート短し大淀スケベ,ふるはいきっく,みもふ,艦これ,大淀,2021/12/30,ユージ,おじポン,久坂宗次,藤崎ひかり,長月院,たかやKi,ヒュドラ,時計屋,わむ,たむ,竜太,トツブリ,Pennel,yasu,こう1,みもふ,,,,,,,,,,,,,,,,,,
ブルアカふたなり合同,Tempest,伊巻てん,ブルーアーカイブ,ふたなり,2023/8/12,赤犬ポチ,イシマリユウヤ,Ijou,伊土賛阿,温野りょく,おかだ,影蝶透、,からあげ3,上秋,ぎしあん,キノキング&名称,謙虚な日本酒,dapper,ちゃば,とどろき,奈々澄,針金紳士,ふたつのピーナッツ,bunsan,ぺたてて,Makolas,まてつ,みかん,むちも,由布院由布,,,,,,,,,
ブリジットパーティー,中曽根バタリアン,中曽根ハイジ,DoA,ブリジット,2022/11/3,中曽根ハイジ,みつみ美里,朝凪,たかやKi,武田弘光,けこちゃ,水龍敬,松竜,なぱた,BLADE,幾花にいろ,メメ50,も,綾野なおと,福田宏,鬼頭サケル,A-10,もり苔,Sian,あたげ,ぐじら,いちたか,内々けやき,ヤサカニ・アン,エレクトさわる,MGMEE,A・Loveる,MARCYどっぐ,ホルモン恋次郎,ちんあなご。,諸汰 鎮孝,ヤスイリオスケ,ちもさく,ふきた
椎名ツムギ限界合同誌,キノコの王様,キノキング,ブルーアーカイブ,椎名ツムギ,2024/4/29,京極蓮,名称 片,鷲尾クウ,セム,風雪花夜,テロップ,づす,骨彦,くれりて,ロリペドン,影蝶透、,キノキング,DJ喜茶,,,,,,,,,,,,,,,,,,,,,
ウマ娘タフ合同,進道塾・大洗支部,トレセン学園総務課,ウマ娘,タフ,2023/8/12,,,,,,,,,,,,,,,,,,,,,,,,,,,,,,,,,,
ウマ娘タフ合同2,進道塾・大洗支部,トレセン学園総務課,ウマ娘,タフ,2023/12/30,,,,,,,,,,,,,,,,,,,,,,,,,,,,,,,,,,
DIY合同誌 どーじんし!?いっしょにやってみよー!!,べちこ屋,珈琲ぬが～,DIY,,2024/8/11,,,,,,,,,,,,,,,,,,,,,,,,,,,,,,,,,,
ブルアカ獣姦合同 Sow da on me!,HarmoNeaR,やえむぐら,ブルーアーカイブ,,2024/8/11,,,,,,,,,,,,,,,,,,,,,,,,,,,,,,,,,,
ブルアカ百合えっち合同,Tempest,伊巻てん,ブルーアーカイブ,,2024/8/11,,,,,,,,,,,,,,,,,,,,,,,,,,,,,,,,,,
アリウス夏合同誌ARIUS SUMMER ARCHIVE,えだまめ亭,うこ,ブルーアーカイブ,,2024/8/11,,,,,,,,,,,,,,,,,,,,,,,,,,,,,,,,,,
Koharu Pleasure-コハルひとりえっち合同-,Texteater,イシマリユウヤ,ブルーアーカイブ,,2024/8/11,,,,,,,,,,,,,,,,,,,,,,,,,,,,,,,,,,
ブルー赤ちゃんIN部,CrowView,たじ,ブルーアーカイブ,,2023/8/12,,,,,,,,,,,,,,,,,,,,,,,,,,,,,,,,,,
ブルー赤ちゃんIN部2,CrowView,たじ,ブルーアーカイブ,,2024/8/11,,,,,,,,,,,,,,,,,,,,,,,,,,,,,,,,,,
もみじ合同誌2,丸愚羅タロ坂,タロ坂,おにまい,,2024/6/2,タロ坂,フジナムセブン,Takamaru.F,たけ,AKKHJY,ポイント2倍,,,,,,,,,,,,,,,,,,,,,,,,,,,,
キヴォトス王,ふつうのタピオカやさん,ふたつのピーナツ,ブルーアーカイブ,,2023/8/12,,,,,,,,,,,,,,,,,,,,,,,,,,,,,,,,,,
ビュルーアーカイブ,とりこトリック,石川クマ野郎,ブルーアーカイブ,,2022/12/31,,,,,,,,,,,,,,,,,,,,,,,,,,,,,,,,,,
プリマステラ,ヂュラクナ,ドロンタビ,学マス,イラスト,2024/12/29,ドロンタビ,Hxxg,まめおじたん,むちまろ,ろんな,楓子,けろりら,ゴミョン,サインこす,信じろ,,,,,,,,,,,,,,,,,,,,,,,,
メンズエステ百花繚乱合同,つきのちかけいこく,ちかけー,ブルーアーカイブ,百花繚乱,2024/12/29,くれりて,キノキング,骨彦,等,,,,,,,,,,,,,,,,,,,,,,,,,,,,,,
ブルアカU149合同,Tempest,伊巻てん,ブルーアーカイブ,,2024/12/29,くれりて,温野りょく,ロリっ子大好きクラブ,等,,,,,,,,,,,,,,,,,,,,,,,,,,,,,,
ブルーアーカイブ見せ槍合同,ふつうのタピオカやさん,ふたつのピーナツ,ブルーアーカイブ,,2024/12/29,ふたつのピーナツ,くれりて,すみやお,たいぷはてな,など,,,,,,,,,,,,,,,,,,,,,,,,,,,,,
ブルーアーカイブペラコス合同,直火焙煎,梅酒れもん,ブルーアーカイブ,,2024/12/29,くれりて,まてつ,ろってんぴざ,凍結されたゾンビ,等,,,,,,,,,,,,,,,,,,,,,,,,,,,,,
ブルアカ産卵合同誌,キノコの王様,キノキング,ブルーアーカイブ,,2024/12/30,くれりて,tomi8tky,等,,,,,,,,,,,,,,,,,,,,,,,,,,,,,,,
チョコミントのかくし味,うなどぅーむ,うなどん,ブルーアーカイブ,栗村アイリ,2024/12/29,くれりて,ぶぶっか,高輪,たけ,ろってんぴざ,等,,,,,,,,,,,,,,,,,,,,,,,,,,,,
桐藤ナギサ純愛合同,CHIEUCHI,骨彦,ブルーアーカイブ,,2024/12/29,骨彦,くれりて,等,,,,,,,,,,,,,,,,,,,,,,,,,,,,,,,
学園アイドルマスター褌合同,ぐりいん野はうす,温野りょく,学マス,,2024/12/30,鳶村,温野りょく,アメちゃ,,,,,,,,,,,,,,,,,,,,,,,,,,,,,,,
ん、先生を襲う。ブルアカ逆レ合同,角砂糖,やもげ,ブルーアーカイブ,,2024/12/29,くれりて,まめおじたん,印カ・オブ・ザ・デッド,月並甲介,等,,,,,,,,,,,,,,,,,,,,,,,,,,,,,
